Posittion,RaceName,SeasonYear,RaceNumber,RaceDate,DriverFirstName,DriverLastName,DriverID,StartingGridNumb,ConstructorName,RaceTime
1,South African Grand Prix,1970,1,1970-03-07,Jack,Brabham,jack_brabham,3,Brabham,1:49:35.4
1,Spanish Grand Prix,1970,2,1970-04-19,Jackie,Stewart,stewart,3,March,2:10:58.2
1,Monaco Grand Prix,1970,3,1970-05-10,Jochen,Rindt,rindt,8,Team Lotus,1:54:37.4
1,Belgian Grand Prix,1970,4,1970-06-07,Pedro,Rodríguez,rodriguez,6,BRM,1:38:10.1
1,Dutch Grand Prix,1970,5,1970-06-21,Jochen,Rindt,rindt,1,Team Lotus,1:50:43.4
1,French Grand Prix,1970,6,1970-07-05,Jochen,Rindt,rindt,6,Team Lotus,1:55:57.0
1,British Grand Prix,1970,7,1970-07-18,Jochen,Rindt,rindt,1,Team Lotus,1:57:02.0
1,German Grand Prix,1970,8,1970-08-02,Jochen,Rindt,rindt,2,Team Lotus,1:42:00.3
1,Austrian Grand Prix,1970,9,1970-08-16,Jacky,Ickx,ickx,3,Ferrari,1:42:17.3
1,Italian Grand Prix,1970,10,1970-09-06,Clay,Regazzoni,regazzoni,3,Ferrari,1:39:07.1
1,Canadian Grand Prix,1970,11,1970-09-20,Jacky,Ickx,ickx,2,Ferrari,1:21:18.4
1,United States Grand Prix,1970,12,1970-10-04,Emerson,Fittipaldi,emerson_fittipaldi,3,Team Lotus,1:57:32.79
1,Mexican Grand Prix,1970,13,1970-10-25,Jacky,Ickx,ickx,3,Ferrari,1:53:28.3
1,South African Grand Prix,1971,1,1971-03-06,Mario,Andretti,mario_andretti,4,Ferrari,1:47:35.5
1,Spanish Grand Prix,1971,2,1971-04-18,Jackie,Stewart,stewart,4,Tyrrell,1:49:03.4
1,Monaco Grand Prix,1971,3,1971-05-23,Jackie,Stewart,stewart,1,Tyrrell,1:52:21.3
1,Dutch Grand Prix,1971,4,1971-06-20,Jacky,Ickx,ickx,1,Ferrari,1:56:20.0
1,French Grand Prix,1971,5,1971-07-04,Jackie,Stewart,stewart,1,Tyrrell,1:46:42.3
1,British Grand Prix,1971,6,1971-07-17,Jackie,Stewart,stewart,2,Tyrrell,1:31:31.5
1,German Grand Prix,1971,7,1971-08-01,Jackie,Stewart,stewart,1,Tyrrell,1:29:16.3
1,Austrian Grand Prix,1971,8,1971-08-15,Jo,Siffert,siffert,1,BRM,1:30:23.91
1,Italian Grand Prix,1971,9,1971-09-05,Peter,Gethin,gethin,11,BRM,1:18:12.60
1,Canadian Grand Prix,1971,10,1971-09-19,Jackie,Stewart,stewart,1,Tyrrell,1:55:13.1
1,United States Grand Prix,1971,11,1971-10-03,François,Cevert,cevert,5,Tyrrell,1:43:51.991
1,Argentine Grand Prix,1972,1,1972-01-23,Jackie,Stewart,stewart,2,Tyrrell,1:57:59.1
1,South African Grand Prix,1972,2,1972-03-04,Denny,Hulme,hulme,5,McLaren,1:45:49.1
1,Spanish Grand Prix,1972,3,1972-05-01,Emerson,Fittipaldi,emerson_fittipaldi,3,Team Lotus,2:03:41.2
1,Monaco Grand Prix,1972,4,1972-05-14,Jean-Pierre,Beltoise,beltoise,4,BRM,2:26:55.3
1,Belgian Grand Prix,1972,5,1972-06-04,Emerson,Fittipaldi,emerson_fittipaldi,1,Team Lotus,1:44:07.3
1,French Grand Prix,1972,6,1972-07-02,Jackie,Stewart,stewart,3,Tyrrell,1:52:22.5
1,British Grand Prix,1972,7,1972-07-15,Emerson,Fittipaldi,emerson_fittipaldi,2,Team Lotus,1:47:50.2
1,German Grand Prix,1972,8,1972-07-30,Jacky,Ickx,ickx,1,Ferrari,1:42:12.3
1,Austrian Grand Prix,1972,9,1972-08-13,Emerson,Fittipaldi,emerson_fittipaldi,1,Team Lotus,1:29:16.660
1,Italian Grand Prix,1972,10,1972-09-10,Emerson,Fittipaldi,emerson_fittipaldi,4,Team Lotus,1:29:58.4
1,Canadian Grand Prix,1972,11,1972-09-24,Jackie,Stewart,stewart,5,Tyrrell,1:43:17.1
1,United States Grand Prix,1972,12,1972-10-08,Jackie,Stewart,stewart,1,Tyrrell,1:41:45.354
1,Argentine Grand Prix,1973,1,1973-01-28,Emerson,Fittipaldi,emerson_fittipaldi,2,Team Lotus,1:56:18.22
1,Brazilian Grand Prix,1973,2,1973-02-11,Emerson,Fittipaldi,emerson_fittipaldi,2,Team Lotus,1:43:55.6
1,South African Grand Prix,1973,3,1973-03-03,Jackie,Stewart,stewart,16,Tyrrell,1:43:11.07
1,Spanish Grand Prix,1973,4,1973-04-29,Emerson,Fittipaldi,emerson_fittipaldi,7,Team Lotus,1:48:18.7
1,Belgian Grand Prix,1973,5,1973-05-20,Jackie,Stewart,stewart,6,Tyrrell,1:42:13.43
1,Monaco Grand Prix,1973,6,1973-06-03,Jackie,Stewart,stewart,1,Tyrrell,1:57:44.3
1,Swedish Grand Prix,1973,7,1973-06-17,Denny,Hulme,hulme,6,McLaren,1:56:46.049
1,French Grand Prix,1973,8,1973-07-01,Ronnie,Peterson,peterson,5,Team Lotus,1:41:36.52
1,British Grand Prix,1973,9,1973-07-14,Peter,Revson,revson,3,McLaren,1:29:18.5
1,Dutch Grand Prix,1973,10,1973-07-29,Jackie,Stewart,stewart,2,Tyrrell,1:39:12.45
1,German Grand Prix,1973,11,1973-08-05,Jackie,Stewart,stewart,1,Tyrrell,1:42:03.0
1,Austrian Grand Prix,1973,12,1973-08-19,Ronnie,Peterson,peterson,2,Team Lotus,1:28:48.78
1,Italian Grand Prix,1973,13,1973-09-09,Ronnie,Peterson,peterson,1,Team Lotus,1:29:17.0
1,Canadian Grand Prix,1973,14,1973-09-23,Peter,Revson,revson,2,McLaren,1:59:04.083
1,United States Grand Prix,1973,15,1973-10-07,Ronnie,Peterson,peterson,1,Team Lotus,1:41:15.779
1,Argentine Grand Prix,1974,1,1974-01-13,Denny,Hulme,hulme,10,McLaren,1:41:02.01
1,Brazilian Grand Prix,1974,2,1974-01-27,Emerson,Fittipaldi,emerson_fittipaldi,1,McLaren,1:24:37.06
1,South African Grand Prix,1974,3,1974-03-30,Carlos,Reutemann,reutemann,4,Brabham,1:42:40.96
1,Spanish Grand Prix,1974,4,1974-04-28,Niki,Lauda,lauda,1,Ferrari,2:00:29.56
1,Belgian Grand Prix,1974,5,1974-05-12,Emerson,Fittipaldi,emerson_fittipaldi,4,McLaren,1:44:20.57
1,Monaco Grand Prix,1974,6,1974-05-26,Ronnie,Peterson,peterson,3,Team Lotus,1:58:03.7
1,Swedish Grand Prix,1974,7,1974-06-09,Jody,Scheckter,scheckter,2,Tyrrell,1:58:31.391
1,Dutch Grand Prix,1974,8,1974-06-23,Niki,Lauda,lauda,1,Ferrari,1:43:00.35
1,French Grand Prix,1974,9,1974-07-07,Ronnie,Peterson,peterson,2,Team Lotus,1:21:55.02
1,British Grand Prix,1974,10,1974-07-20,Jody,Scheckter,scheckter,3,Tyrrell,1:43:02.2
1,German Grand Prix,1974,11,1974-08-04,Clay,Regazzoni,regazzoni,2,Ferrari,1:41:35.0
1,Austrian Grand Prix,1974,12,1974-08-18,Carlos,Reutemann,reutemann,2,Brabham,1:28:44.72
1,Italian Grand Prix,1974,13,1974-09-08,Ronnie,Peterson,peterson,7,Team Lotus,1:22:56.6
1,Canadian Grand Prix,1974,14,1974-09-22,Emerson,Fittipaldi,emerson_fittipaldi,1,McLaren,1:40:26.136
1,United States Grand Prix,1974,15,1974-10-06,Carlos,Reutemann,reutemann,1,Brabham,1:40:21.439
1,Argentine Grand Prix,1975,1,1975-01-12,Emerson,Fittipaldi,emerson_fittipaldi,5,McLaren,1:39:26.29
1,Brazilian Grand Prix,1975,2,1975-01-26,Carlos,Pace,pace,6,Brabham,1:44:41.17
1,South African Grand Prix,1975,3,1975-03-01,Jody,Scheckter,scheckter,3,Tyrrell,1:43:16.90
1,Spanish Grand Prix,1975,4,1975-04-27,Jochen,Mass,mass,11,McLaren,42:53.7
1,Monaco Grand Prix,1975,5,1975-05-11,Niki,Lauda,lauda,1,Ferrari,2:01:21.31
1,Belgian Grand Prix,1975,6,1975-05-25,Niki,Lauda,lauda,1,Ferrari,1:43:53.98
1,Swedish Grand Prix,1975,7,1975-06-08,Niki,Lauda,lauda,5,Ferrari,1:59:18.319
1,Dutch Grand Prix,1975,8,1975-06-22,James,Hunt,hunt,3,Hesketh,1:46:57.40
1,French Grand Prix,1975,9,1975-07-06,Niki,Lauda,lauda,1,Ferrari,1:40:18.84
1,British Grand Prix,1975,10,1975-07-19,Emerson,Fittipaldi,emerson_fittipaldi,7,McLaren,1:22:05.0
1,German Grand Prix,1975,11,1975-08-03,Carlos,Reutemann,reutemann,10,Brabham,1:41:14.1
1,Austrian Grand Prix,1975,12,1975-08-17,Vittorio,Brambilla,brambilla,8,March,0:57:56.69
1,Italian Grand Prix,1975,13,1975-09-07,Clay,Regazzoni,regazzoni,2,Ferrari,1:22:42.6
1,United States Grand Prix,1975,14,1975-10-05,Niki,Lauda,lauda,1,Ferrari,1:42:58.175
1,Brazilian Grand Prix,1976,1,1976-01-25,Niki,Lauda,lauda,2,Ferrari,1:45:16.78
1,South African Grand Prix,1976,2,1976-03-06,Niki,Lauda,lauda,2,Ferrari,1:42:18.4
1,United States Grand Prix West,1976,3,1976-03-28,Clay,Regazzoni,regazzoni,1,Ferrari,1:53:18.471
1,Spanish Grand Prix,1976,4,1976-05-02,James,Hunt,hunt,1,McLaren,1:42:20.43
1,Belgian Grand Prix,1976,5,1976-05-16,Niki,Lauda,lauda,1,Ferrari,1:42:53.23
1,Monaco Grand Prix,1976,6,1976-05-30,Niki,Lauda,lauda,1,Ferrari,1:59:51.47
1,Swedish Grand Prix,1976,7,1976-06-13,Jody,Scheckter,scheckter,1,Tyrrell,1:46:53.729
1,French Grand Prix,1976,8,1976-07-04,James,Hunt,hunt,1,McLaren,1:40:58.60
1,British Grand Prix,1976,9,1976-07-18,Niki,Lauda,lauda,1,Ferrari,1:44:19.66
1,German Grand Prix,1976,10,1976-08-01,James,Hunt,hunt,1,McLaren,1:41:42.7
1,Austrian Grand Prix,1976,11,1976-08-15,John,Watson,watson,2,Penske,1:30:07.86
1,Dutch Grand Prix,1976,12,1976-08-29,James,Hunt,hunt,2,McLaren,1:44:52.09
1,Italian Grand Prix,1976,13,1976-09-12,Ronnie,Peterson,peterson,8,March,1:30:35.6
1,Canadian Grand Prix,1976,14,1976-10-03,James,Hunt,hunt,1,McLaren,1:40:09.626
1,United States Grand Prix,1976,15,1976-10-10,James,Hunt,hunt,1,McLaren,1:42:40.742
1,Japanese Grand Prix,1976,16,1976-10-24,Mario,Andretti,mario_andretti,1,Team Lotus,1:43:58.86
1,Argentine Grand Prix,1977,1,1977-01-09,Jody,Scheckter,scheckter,11,Wolf,1:40:11.19
1,Brazilian Grand Prix,1977,2,1977-01-23,Carlos,Reutemann,reutemann,2,Ferrari,1:45:07.72
1,South African Grand Prix,1977,3,1977-03-05,Niki,Lauda,lauda,3,Ferrari,1:42:21.6
1,United States Grand Prix West,1977,4,1977-04-03,Mario,Andretti,mario_andretti,2,Team Lotus,1:51:35.470
1,Spanish Grand Prix,1977,5,1977-05-08,Mario,Andretti,mario_andretti,1,Team Lotus,1:42:52.220
1,Monaco Grand Prix,1977,6,1977-05-22,Jody,Scheckter,scheckter,2,Wolf,1:57:52.77
1,Belgian Grand Prix,1977,7,1977-06-05,Gunnar,Nilsson,nilsson,3,Team Lotus,1:55:05.71
1,Swedish Grand Prix,1977,8,1977-06-19,Jacques,Laffite,laffite,8,Ligier,1:46:56.4
1,French Grand Prix,1977,9,1977-07-03,Mario,Andretti,mario_andretti,1,Team Lotus,1:39:40.13
1,British Grand Prix,1977,10,1977-07-16,James,Hunt,hunt,1,McLaren,1:31:46.06
1,German Grand Prix,1977,11,1977-07-31,Niki,Lauda,lauda,3,Ferrari,1:31:49.3
1,Austrian Grand Prix,1977,12,1977-08-14,Alan,Jones,jones,14,Shadow,1:37:16.49
1,Dutch Grand Prix,1977,13,1977-08-28,Niki,Lauda,lauda,4,Ferrari,1:41:45.93
1,Italian Grand Prix,1977,14,1977-09-11,Mario,Andretti,mario_andretti,4,Team Lotus,1:27:50.30
1,United States Grand Prix,1977,15,1977-10-02,James,Hunt,hunt,1,McLaren,1:58:23.267
1,Canadian Grand Prix,1977,16,1977-10-09,Jody,Scheckter,scheckter,9,Wolf,1:40:00.0
1,Japanese Grand Prix,1977,17,1977-10-23,James,Hunt,hunt,2,McLaren,1:31:51.68
1,Argentine Grand Prix,1978,1,1978-01-15,Mario,Andretti,mario_andretti,1,Team Lotus,1:37:04.47
1,Brazilian Grand Prix,1978,2,1978-01-29,Carlos,Reutemann,reutemann,4,Ferrari,1:49:59.86
1,South African Grand Prix,1978,3,1978-03-04,Ronnie,Peterson,peterson,12,Team Lotus,1:42:15.767
1,United States Grand Prix West,1978,4,1978-04-02,Carlos,Reutemann,reutemann,1,Ferrari,1:52:01.301
1,Monaco Grand Prix,1978,5,1978-05-07,Patrick,Depailler,depailler,5,Tyrrell,1:55:14.66
1,Belgian Grand Prix,1978,6,1978-05-21,Mario,Andretti,mario_andretti,1,Team Lotus,1:39:52.02
1,Spanish Grand Prix,1978,7,1978-06-04,Mario,Andretti,mario_andretti,1,Team Lotus,1:41:47.06
1,Swedish Grand Prix,1978,8,1978-06-17,Niki,Lauda,lauda,3,Brabham,1:41:00.606
1,French Grand Prix,1978,9,1978-07-02,Mario,Andretti,mario_andretti,2,Team Lotus,1:38:51.92
1,British Grand Prix,1978,10,1978-07-16,Carlos,Reutemann,reutemann,8,Ferrari,1:42:12.39
1,German Grand Prix,1978,11,1978-07-30,Mario,Andretti,mario_andretti,1,Team Lotus,1:28:00.90
1,Austrian Grand Prix,1978,12,1978-08-13,Ronnie,Peterson,peterson,1,Team Lotus,1:41:21.57
1,Dutch Grand Prix,1978,13,1978-08-27,Mario,Andretti,mario_andretti,1,Team Lotus,1:41:04.23
1,Italian Grand Prix,1978,14,1978-09-10,Niki,Lauda,lauda,4,Brabham,1:07:04.54
1,United States Grand Prix,1978,15,1978-10-01,Carlos,Reutemann,reutemann,2,Ferrari,1:40:48.800
1,Canadian Grand Prix,1978,16,1978-10-08,Gilles,Villeneuve,gilles_villeneuve,3,Ferrari,1:57:49.196
1,Argentine Grand Prix,1979,1,1979-01-21,Jacques,Laffite,laffite,1,Ligier,1:36:03.21
1,Brazilian Grand Prix,1979,2,1979-02-04,Jacques,Laffite,laffite,1,Ligier,1:40:09.64
1,South African Grand Prix,1979,3,1979-03-03,Gilles,Villeneuve,gilles_villeneuve,3,Ferrari,1:41:49.96
1,United States Grand Prix West,1979,4,1979-04-08,Gilles,Villeneuve,gilles_villeneuve,1,Ferrari,1:50:25.40
1,Spanish Grand Prix,1979,5,1979-04-29,Patrick,Depailler,depailler,2,Ligier,1:39:11.84
1,Belgian Grand Prix,1979,6,1979-05-13,Jody,Scheckter,scheckter,7,Ferrari,1:39:59.53
1,Monaco Grand Prix,1979,7,1979-05-27,Jody,Scheckter,scheckter,1,Ferrari,1:55:22.48
1,French Grand Prix,1979,8,1979-07-01,Jean-Pierre,Jabouille,jabouille,1,Renault,1:35:20.42
1,British Grand Prix,1979,9,1979-07-14,Clay,Regazzoni,regazzoni,4,Williams,1:26:11.17
1,German Grand Prix,1979,10,1979-07-29,Alan,Jones,jones,2,Williams,1:24:48.83
1,Austrian Grand Prix,1979,11,1979-08-12,Alan,Jones,jones,2,Williams,1:27:38.01
1,Dutch Grand Prix,1979,12,1979-08-26,Alan,Jones,jones,2,Williams,1:41:19.775
1,Italian Grand Prix,1979,13,1979-09-09,Jody,Scheckter,scheckter,3,Ferrari,1:22:00.22
1,Canadian Grand Prix,1979,14,1979-09-30,Alan,Jones,jones,1,Williams,1:52:06.892
1,United States Grand Prix,1979,15,1979-10-07,Gilles,Villeneuve,gilles_villeneuve,3,Ferrari,1:52:17.734
1,Argentine Grand Prix,1980,1,1980-01-13,Alan,Jones,jones,1,Williams,1:43:24.38
1,Brazilian Grand Prix,1980,2,1980-01-27,René,Arnoux,arnoux,6,Renault,1:40:01.33
1,South African Grand Prix,1980,3,1980-03-01,René,Arnoux,arnoux,2,Renault,1:36:52.54
1,United States Grand Prix West,1980,4,1980-03-30,Nelson,Piquet,piquet,1,Brabham,1:50:19.4
1,Belgian Grand Prix,1980,5,1980-05-04,Didier,Pironi,pironi,2,Ligier,1:38:47.4
1,Monaco Grand Prix,1980,6,1980-05-18,Carlos,Reutemann,reutemann,2,Williams,1:55:34.365
1,French Grand Prix,1980,7,1980-06-29,Alan,Jones,jones,4,Williams,1:32:43.4
1,British Grand Prix,1980,8,1980-07-13,Alan,Jones,jones,3,Williams,1:34:49.228
1,German Grand Prix,1980,9,1980-08-10,Jacques,Laffite,laffite,5,Ligier,1:23:59.73
1,Austrian Grand Prix,1980,10,1980-08-17,Jean-Pierre,Jabouille,jabouille,2,Renault,1:26:15.73
1,Dutch Grand Prix,1980,11,1980-08-31,Nelson,Piquet,piquet,5,Brabham,1:38:13.83
1,Italian Grand Prix,1980,12,1980-09-14,Nelson,Piquet,piquet,5,Brabham,1:38:07.52
1,Canadian Grand Prix,1980,13,1980-09-28,Alan,Jones,jones,2,Williams,1:46:45.53
1,United States Grand Prix,1980,14,1980-10-05,Alan,Jones,jones,5,Williams,1:34:36.05
1,United States Grand Prix West,1981,1,1981-03-15,Alan,Jones,jones,2,Williams,1:50:41.33
1,Brazilian Grand Prix,1981,2,1981-03-29,Carlos,Reutemann,reutemann,2,Williams,2:00:23.66
1,Argentine Grand Prix,1981,3,1981-04-12,Nelson,Piquet,piquet,1,Brabham,1:34:32.74
1,San Marino Grand Prix,1981,4,1981-05-03,Nelson,Piquet,piquet,5,Brabham,1:51:23.97
1,Belgian Grand Prix,1981,5,1981-05-17,Carlos,Reutemann,reutemann,1,Williams,1:16:31.61
1,Monaco Grand Prix,1981,6,1981-05-31,Gilles,Villeneuve,gilles_villeneuve,2,Ferrari,1:54:23.38
1,Spanish Grand Prix,1981,7,1981-06-21,Gilles,Villeneuve,gilles_villeneuve,7,Ferrari,1:46:35.01
1,French Grand Prix,1981,8,1981-07-05,Alain,Prost,prost,3,Renault,1:35:48.13
1,British Grand Prix,1981,9,1981-07-18,John,Watson,watson,5,McLaren,1:26:54.80
1,German Grand Prix,1981,10,1981-08-02,Nelson,Piquet,piquet,6,Brabham,1:25:55.60
1,Austrian Grand Prix,1981,11,1981-08-16,Jacques,Laffite,laffite,4,Ligier,1:27:36.47
1,Dutch Grand Prix,1981,12,1981-08-30,Alain,Prost,prost,1,Renault,1:40:22.43
1,Italian Grand Prix,1981,13,1981-09-13,Alain,Prost,prost,3,Renault,1:26:36.897
1,Canadian Grand Prix,1981,14,1981-09-27,Jacques,Laffite,laffite,10,Ligier,2:01:25.20
1,Caesars Palace Grand Prix,1981,15,1981-10-17,Alan,Jones,jones,2,Williams,1:44:09.077
1,South African Grand Prix,1982,1,1982-01-23,Alain,Prost,prost,5,Renault,1:32:08.401
1,Brazilian Grand Prix,1982,2,1982-03-21,Alain,Prost,prost,1,Renault,1:44:33.134
1,United States Grand Prix West,1982,3,1982-04-04,Niki,Lauda,lauda,2,McLaren,1:58:25.318
1,San Marino Grand Prix,1982,4,1982-04-25,Didier,Pironi,pironi,4,Ferrari,1:36:38.887
1,Belgian Grand Prix,1982,5,1982-05-09,John,Watson,watson,10,McLaren,1:35:41.995
1,Monaco Grand Prix,1982,6,1982-05-23,Riccardo,Patrese,patrese,2,Brabham,1:54:11.259
1,Detroit Grand Prix,1982,7,1982-06-06,John,Watson,watson,17,McLaren,1:58:41.043
1,Canadian Grand Prix,1982,8,1982-06-13,Nelson,Piquet,piquet,4,Brabham,1:46:39.577
1,Dutch Grand Prix,1982,9,1982-07-03,Didier,Pironi,pironi,4,Ferrari,1:38:03.254
1,British Grand Prix,1982,10,1982-07-18,Niki,Lauda,lauda,5,McLaren,1:35:33.812
1,French Grand Prix,1982,11,1982-07-25,René,Arnoux,arnoux,1,Renault,1:33:33.217
1,German Grand Prix,1982,12,1982-08-08,Patrick,Tambay,tambay,5,Ferrari,1:27:25.178
1,Austrian Grand Prix,1982,13,1982-08-15,Elio,de Angelis,angelis,7,Team Lotus,1:25:02.212
1,Swiss Grand Prix,1982,14,1982-08-29,Keke,Rosberg,keke_rosberg,8,Williams,1:32:41.087
1,Italian Grand Prix,1982,15,1982-09-12,René,Arnoux,arnoux,6,Renault,1:22:25.734
1,Caesars Palace Grand Prix,1982,16,1982-09-25,Michele,Alboreto,alboreto,3,Tyrrell,1:41:56.888
1,Brazilian Grand Prix,1983,1,1983-03-13,Nelson,Piquet,piquet,4,Brabham,1:48:27.731
1,United States Grand Prix West,1983,2,1983-03-27,John,Watson,watson,22,McLaren,1:53:34.889
1,French Grand Prix,1983,3,1983-04-17,Alain,Prost,prost,1,Renault,1:34:13.913
1,San Marino Grand Prix,1983,4,1983-05-01,Patrick,Tambay,tambay,3,Ferrari,1:37:52.460
1,Monaco Grand Prix,1983,5,1983-05-15,Keke,Rosberg,keke_rosberg,5,Williams,1:56:38.121
1,Belgian Grand Prix,1983,6,1983-05-22,Alain,Prost,prost,1,Renault,1:27:11.502
1,Detroit Grand Prix,1983,7,1983-06-05,Michele,Alboreto,alboreto,6,Tyrrell,1:50:53.669
1,Canadian Grand Prix,1983,8,1983-06-12,René,Arnoux,arnoux,1,Ferrari,1:48:31.838
1,British Grand Prix,1983,9,1983-07-16,Alain,Prost,prost,3,Renault,1:24:39.780
1,German Grand Prix,1983,10,1983-08-07,René,Arnoux,arnoux,2,Ferrari,1:27:10.319
1,Austrian Grand Prix,1983,11,1983-08-14,Alain,Prost,prost,5,Renault,1:24:32.745
1,Dutch Grand Prix,1983,12,1983-08-28,René,Arnoux,arnoux,10,Ferrari,1:38:41.950
1,Italian Grand Prix,1983,13,1983-09-11,Nelson,Piquet,piquet,4,Brabham,1:23:10.880
1,European Grand Prix,1983,14,1983-09-25,Nelson,Piquet,piquet,4,Brabham,1:36:45.865
1,South African Grand Prix,1983,15,1983-10-15,Riccardo,Patrese,patrese,3,Brabham,1:33:25.708
1,Brazilian Grand Prix,1984,1,1984-03-25,Alain,Prost,prost,4,McLaren,1:42:34.492
1,South African Grand Prix,1984,2,1984-04-07,Niki,Lauda,lauda,8,McLaren,1:29:23.430
1,Belgian Grand Prix,1984,3,1984-04-29,Michele,Alboreto,alboreto,1,Ferrari,1:36:32.048
1,San Marino Grand Prix,1984,4,1984-05-06,Alain,Prost,prost,2,McLaren,1:36:53.679
1,French Grand Prix,1984,5,1984-05-20,Niki,Lauda,lauda,9,McLaren,1:31:11.951
1,Monaco Grand Prix,1984,6,1984-06-03,Alain,Prost,prost,1,McLaren,1:01:07.740
1,Canadian Grand Prix,1984,7,1984-06-17,Nelson,Piquet,piquet,1,Brabham,1:46:23.748
1,Detroit Grand Prix,1984,8,1984-06-24,Nelson,Piquet,piquet,1,Brabham,1:55:41.842
1,Dallas Grand Prix,1984,9,1984-07-08,Keke,Rosberg,keke_rosberg,8,Williams,2:01:22.617
1,British Grand Prix,1984,10,1984-07-22,Niki,Lauda,lauda,3,McLaren,1:29:28.532
1,German Grand Prix,1984,11,1984-08-05,Alain,Prost,prost,1,McLaren,1:24:43.210
1,Austrian Grand Prix,1984,12,1984-08-19,Niki,Lauda,lauda,4,McLaren,1:21:12.851
1,Dutch Grand Prix,1984,13,1984-08-26,Alain,Prost,prost,1,McLaren,1:37:21.468
1,Italian Grand Prix,1984,14,1984-09-09,Niki,Lauda,lauda,4,McLaren,1:20:29.065
1,European Grand Prix,1984,15,1984-10-07,Alain,Prost,prost,2,McLaren,1:35:13.284
1,Portuguese Grand Prix,1984,16,1984-10-21,Alain,Prost,prost,2,McLaren,1:41:11.753
1,Brazilian Grand Prix,1985,1,1985-04-07,Alain,Prost,prost,6,McLaren,1:41:26.115
1,Portuguese Grand Prix,1985,2,1985-04-21,Ayrton,Senna,senna,1,Team Lotus,2:00:28.006
1,San Marino Grand Prix,1985,3,1985-05-05,Elio,de Angelis,angelis,3,Team Lotus,1:34:35.955
1,Monaco Grand Prix,1985,4,1985-05-19,Alain,Prost,prost,5,McLaren,1:51:58.034
1,Canadian Grand Prix,1985,5,1985-06-16,Michele,Alboreto,alboreto,3,Ferrari,1:46:01.813
1,Detroit Grand Prix,1985,6,1985-06-23,Keke,Rosberg,keke_rosberg,5,Williams,1:55:39.851
1,French Grand Prix,1985,7,1985-07-07,Nelson,Piquet,piquet,5,Brabham,1:31:46.266
1,British Grand Prix,1985,8,1985-07-21,Alain,Prost,prost,3,McLaren,1:18:10.436
1,German Grand Prix,1985,9,1985-08-04,Michele,Alboreto,alboreto,8,Ferrari,1:35:31.337
1,Austrian Grand Prix,1985,10,1985-08-18,Alain,Prost,prost,1,McLaren,1:20:12.583
1,Dutch Grand Prix,1985,11,1985-08-25,Niki,Lauda,lauda,10,McLaren,1:32:29.263
1,Italian Grand Prix,1985,12,1985-09-08,Alain,Prost,prost,5,McLaren,1:17:59.451
1,Belgian Grand Prix,1985,13,1985-09-15,Ayrton,Senna,senna,2,Team Lotus,1:34:19.893
1,European Grand Prix,1985,14,1985-10-06,Nigel,Mansell,mansell,3,Williams,1:32:58.109
1,South African Grand Prix,1985,15,1985-10-19,Nigel,Mansell,mansell,1,Williams,1:28:22.866
1,Australian Grand Prix,1985,16,1985-11-03,Keke,Rosberg,keke_rosberg,3,Williams,2:00:40.473
1,Brazilian Grand Prix,1986,1,1986-03-23,Nelson,Piquet,piquet,2,Williams,1:39:32.583
1,Spanish Grand Prix,1986,2,1986-04-13,Ayrton,Senna,senna,1,Team Lotus,1:48:47.735
1,San Marino Grand Prix,1986,3,1986-04-27,Alain,Prost,prost,4,McLaren,1:32:28.408
1,Monaco Grand Prix,1986,4,1986-05-11,Alain,Prost,prost,1,McLaren,1:55:41.060
1,Belgian Grand Prix,1986,5,1986-05-25,Nigel,Mansell,mansell,5,Williams,1:27:57.925
1,Canadian Grand Prix,1986,6,1986-06-15,Nigel,Mansell,mansell,1,Williams,1:42:26.415
1,Detroit Grand Prix,1986,7,1986-06-22,Ayrton,Senna,senna,1,Team Lotus,1:51:12.847
1,French Grand Prix,1986,8,1986-07-06,Nigel,Mansell,mansell,2,Williams,1:37:19.272
1,British Grand Prix,1986,9,1986-07-13,Nigel,Mansell,mansell,2,Williams,1:30:38.471
1,German Grand Prix,1986,10,1986-07-27,Nelson,Piquet,piquet,5,Williams,1:22:08.263
1,Hungarian Grand Prix,1986,11,1986-08-10,Nelson,Piquet,piquet,2,Williams,2:00:34.508
1,Austrian Grand Prix,1986,12,1986-08-17,Alain,Prost,prost,5,McLaren,1:21:22.531
1,Italian Grand Prix,1986,13,1986-09-07,Nelson,Piquet,piquet,6,Williams,1:17:42.889
1,Portuguese Grand Prix,1986,14,1986-09-21,Nigel,Mansell,mansell,2,Williams,1:37:21.900
1,Mexican Grand Prix,1986,15,1986-10-12,Gerhard,Berger,berger,4,Benetton,1:33:18.700
1,Australian Grand Prix,1986,16,1986-10-26,Alain,Prost,prost,4,McLaren,1:54:20.388
1,Brazilian Grand Prix,1987,1,1987-04-12,Alain,Prost,prost,5,McLaren,1:39:45.141
1,San Marino Grand Prix,1987,2,1987-05-03,Nigel,Mansell,mansell,2,Williams,1:31:24.076
1,Belgian Grand Prix,1987,3,1987-05-17,Alain,Prost,prost,6,McLaren,1:27:03.217
1,Monaco Grand Prix,1987,4,1987-05-31,Ayrton,Senna,senna,2,Team Lotus,1:57:54.085
1,Detroit Grand Prix,1987,5,1987-06-21,Ayrton,Senna,senna,2,Team Lotus,1:50:16.358
1,French Grand Prix,1987,6,1987-07-05,Nigel,Mansell,mansell,1,Williams,1:37:03.839
1,British Grand Prix,1987,7,1987-07-12,Nigel,Mansell,mansell,2,Williams,1:19:11.780
1,German Grand Prix,1987,8,1987-07-26,Nelson,Piquet,piquet,4,Williams,1:21:25.091
1,Hungarian Grand Prix,1987,9,1987-08-09,Nelson,Piquet,piquet,3,Williams,1:59:26.793
1,Austrian Grand Prix,1987,10,1987-08-16,Nigel,Mansell,mansell,2,Williams,1:18:44.898
1,Italian Grand Prix,1987,11,1987-09-06,Nelson,Piquet,piquet,1,Williams,1:14:47.707
1,Portuguese Grand Prix,1987,12,1987-09-20,Alain,Prost,prost,3,McLaren,1:37:03.906
1,Spanish Grand Prix,1987,13,1987-09-27,Nigel,Mansell,mansell,2,Williams,1:49:12.692
1,Mexican Grand Prix,1987,14,1987-10-18,Nigel,Mansell,mansell,1,Williams,1:26:24.207
1,Japanese Grand Prix,1987,15,1987-11-01,Gerhard,Berger,berger,1,Ferrari,1:32:58.072
1,Australian Grand Prix,1987,16,1987-11-15,Gerhard,Berger,berger,1,Ferrari,1:52:56.144
1,Brazilian Grand Prix,1988,1,1988-04-03,Alain,Prost,prost,3,McLaren,1:36:06.857
1,San Marino Grand Prix,1988,2,1988-05-01,Ayrton,Senna,senna,1,McLaren,1:32:41.264
1,Monaco Grand Prix,1988,3,1988-05-15,Alain,Prost,prost,2,McLaren,1:57:17.077
1,Mexican Grand Prix,1988,4,1988-05-29,Alain,Prost,prost,2,McLaren,1:30:15.737
1,Canadian Grand Prix,1988,5,1988-06-12,Ayrton,Senna,senna,1,McLaren,1:39:46.618
1,Detroit Grand Prix,1988,6,1988-06-19,Ayrton,Senna,senna,1,McLaren,1:54:56.035
1,French Grand Prix,1988,7,1988-07-03,Alain,Prost,prost,1,McLaren,1:37:37.328
1,British Grand Prix,1988,8,1988-07-10,Ayrton,Senna,senna,3,McLaren,1:33:16.367
1,German Grand Prix,1988,9,1988-07-24,Ayrton,Senna,senna,1,McLaren,1:32:54.188
1,Hungarian Grand Prix,1988,10,1988-08-07,Ayrton,Senna,senna,1,McLaren,1:57:47.081
1,Belgian Grand Prix,1988,11,1988-08-28,Ayrton,Senna,senna,1,McLaren,1:28:00.549
1,Italian Grand Prix,1988,12,1988-09-11,Gerhard,Berger,berger,3,Ferrari,1:17:39.744
1,Portuguese Grand Prix,1988,13,1988-09-25,Alain,Prost,prost,1,McLaren,1:37:40.958
1,Spanish Grand Prix,1988,14,1988-10-02,Alain,Prost,prost,2,McLaren,1:48:43.851
1,Japanese Grand Prix,1988,15,1988-10-30,Ayrton,Senna,senna,1,McLaren,1:33:26.173
1,Australian Grand Prix,1988,16,1988-11-13,Alain,Prost,prost,2,McLaren,1:53:14.676
2,South African Grand Prix,1970,1,1970-03-07,Denny,Hulme,hulme,6,McLaren-Ford,+8.1
2,Spanish Grand Prix,1970,2,1970-04-19,Bruce,McLaren,mclaren,11,McLaren-Ford,0
2,Monaco Grand Prix,1970,3,1970-05-10,Jack,Brabham,jack_brabham,4,Brabham,+23.1
2,Belgian Grand Prix,1970,4,1970-06-07,Chris,Amon,amon,3,March,+1.1
2,Dutch Grand Prix,1970,5,1970-06-21,Jackie,Stewart,stewart,2,March,+30.0
2,French Grand Prix,1970,6,1970-07-05,Chris,Amon,amon,3,March,+7.61
2,British Grand Prix,1970,7,1970-07-18,Jack,Brabham,jack_brabham,2,Brabham,+32.9
2,German Grand Prix,1970,8,1970-08-02,Jacky,Ickx,ickx,1,Ferrari,+0.7
2,Austrian Grand Prix,1970,9,1970-08-16,Clay,Regazzoni,regazzoni,2,Ferrari,+0.61
2,Italian Grand Prix,1970,10,1970-09-06,Jackie,Stewart,stewart,4,March,+5.73
2,Canadian Grand Prix,1970,11,1970-09-20,Clay,Regazzoni,regazzoni,3,Ferrari,+14.8
2,United States Grand Prix,1970,12,1970-10-04,Pedro,Rodríguez,rodriguez,4,BRM,+36.39
2,Mexican Grand Prix,1970,13,1970-10-25,Clay,Regazzoni,regazzoni,1,Ferrari,+24.64
2,South African Grand Prix,1971,1,1971-03-06,Jackie,Stewart,stewart,1,Tyrrell,+20.9
2,Spanish Grand Prix,1971,2,1971-04-18,Jacky,Ickx,ickx,1,Ferrari,+3.4
2,Monaco Grand Prix,1971,3,1971-05-23,Ronnie,Peterson,peterson,6,March-Ford,+ 25.6
2,Dutch Grand Prix,1971,4,1971-06-20,Pedro,Rodríguez,rodriguez,2,BRM,+7.99
2,French Grand Prix,1971,5,1971-07-04,François,Cevert,cevert,7,Tyrrell,+28.12
2,British Grand Prix,1971,6,1971-07-17,Ronnie,Peterson,peterson,5,March-Ford,+36.1
2,German Grand Prix,1971,7,1971-08-01,François,Cevert,cevert,5,Tyrrell,+30.1
2,Austrian Grand Prix,1971,8,1971-08-15,Emerson,Fittipaldi,emerson_fittipaldi,5,Lotus-Ford,+4.12
2,Italian Grand Prix,1971,9,1971-09-05,Ronnie,Peterson,peterson,6,March-Ford,+0.01
2,Canadian Grand Prix,1971,10,1971-09-19,Ronnie,Peterson,peterson,6,March-Ford,+38.3
2,United States Grand Prix,1971,11,1971-10-03,Jo,Siffert,siffert,6,BRM,+40.062
2,Argentine Grand Prix,1972,1,1972-01-23,Denny,Hulme,hulme,4,McLaren,+25.96
2,South African Grand Prix,1972,2,1972-03-04,Emerson,Fittipaldi,emerson_fittipaldi,3,Team Lotus,+14.1
2,Spanish Grand Prix,1972,3,1972-05-01,Jacky,Ickx,ickx,1,Ferrari,+18.92
2,Monaco Grand Prix,1972,4,1972-05-14,Jacky,Ickx,ickx,2,Ferrari,+38.2
2,Belgian Grand Prix,1972,5,1972-06-04,François,Cevert,cevert,5,Tyrrell,+26.6
2,French Grand Prix,1972,6,1972-07-02,Emerson,Fittipaldi,emerson_fittipaldi,8,Team Lotus,+27.7
2,British Grand Prix,1972,7,1972-07-15,Jackie,Stewart,stewart,4,Tyrrell,+4.1
2,German Grand Prix,1972,8,1972-07-30,Clay,Regazzoni,regazzoni,7,Ferrari,+48.3
2,Austrian Grand Prix,1972,9,1972-08-13,Denny,Hulme,hulme,7,McLaren,+1.18
2,Italian Grand Prix,1972,10,1972-09-10,Mike,Hailwood,hailwood,9,Surtees,+14.5
2,Canadian Grand Prix,1972,11,1972-09-24,Peter,Revson,revson,1,McLaren,+48.2
2,United States Grand Prix,1972,12,1972-10-08,François,Cevert,cevert,4,Tyrrell,+32.268
2,Argentine Grand Prix,1973,1,1973-01-28,François,Cevert,cevert,6,Tyrrell,+4.69
2,Brazilian Grand Prix,1973,2,1973-02-11,Jackie,Stewart,stewart,8,Tyrrell,+13.5
2,South African Grand Prix,1973,3,1973-03-03,Peter,Revson,revson,6,McLaren,+24.55
2,Spanish Grand Prix,1973,4,1973-04-29,François,Cevert,cevert,3,Tyrrell,+42.7
2,Belgian Grand Prix,1973,5,1973-05-20,François,Cevert,cevert,4,Tyrrell,+31.84
2,Monaco Grand Prix,1973,6,1973-06-03,Emerson,Fittipaldi,emerson_fittipaldi,5,Team Lotus,+1.3
2,Swedish Grand Prix,1973,7,1973-06-17,Ronnie,Peterson,peterson,1,Team Lotus,+4.039
2,French Grand Prix,1973,8,1973-07-01,François,Cevert,cevert,4,Tyrrell,+40.92
2,British Grand Prix,1973,9,1973-07-14,Ronnie,Peterson,peterson,1,Team Lotus,+2.8
2,Dutch Grand Prix,1973,10,1973-07-29,François,Cevert,cevert,3,Tyrrell,+15.83
2,German Grand Prix,1973,11,1973-08-05,François,Cevert,cevert,3,Tyrrell,+1.6
2,Austrian Grand Prix,1973,12,1973-08-19,Jackie,Stewart,stewart,7,Tyrrell,+9.01
2,Italian Grand Prix,1973,13,1973-09-09,Emerson,Fittipaldi,emerson_fittipaldi,4,Team Lotus,+0.8
2,Canadian Grand Prix,1973,14,1973-09-23,Emerson,Fittipaldi,emerson_fittipaldi,5,Team Lotus,+32.734
2,United States Grand Prix,1973,15,1973-10-07,James,Hunt,hunt,4,March,+0.668
2,Argentine Grand Prix,1974,1,1974-01-13,Niki,Lauda,lauda,8,Ferrari,+9.27
2,Brazilian Grand Prix,1974,2,1974-01-27,Clay,Regazzoni,regazzoni,8,Ferrari,+13.57
2,South African Grand Prix,1974,3,1974-03-30,Jean-Pierre,Beltoise,beltoise,11,BRM,+33.94
2,Spanish Grand Prix,1974,4,1974-04-28,Clay,Regazzoni,regazzoni,3,Ferrari,+35.61
2,Belgian Grand Prix,1974,5,1974-05-12,Niki,Lauda,lauda,3,Ferrari,+0.35
2,Monaco Grand Prix,1974,6,1974-05-26,Jody,Scheckter,scheckter,5,Tyrrell,+28.8
2,Swedish Grand Prix,1974,7,1974-06-09,Patrick,Depailler,depailler,1,Tyrrell,+0.380
2,Dutch Grand Prix,1974,8,1974-06-23,Clay,Regazzoni,regazzoni,2,Ferrari,+8.25
2,French Grand Prix,1974,9,1974-07-07,Niki,Lauda,lauda,1,Ferrari,+20.36
2,British Grand Prix,1974,10,1974-07-20,Emerson,Fittipaldi,emerson_fittipaldi,8,McLaren,+15.3
2,German Grand Prix,1974,11,1974-08-04,Jody,Scheckter,scheckter,4,Tyrrell,+50.7
2,Austrian Grand Prix,1974,12,1974-08-18,Denny,Hulme,hulme,10,McLaren,+42.92
2,Italian Grand Prix,1974,13,1974-09-08,Emerson,Fittipaldi,emerson_fittipaldi,6,McLaren,+0.8
2,Canadian Grand Prix,1974,14,1974-09-22,Clay,Regazzoni,regazzoni,6,Ferrari,+13.034
2,United States Grand Prix,1974,15,1974-10-06,Carlos,Pace,pace,4,Brabham,+10.735
2,Argentine Grand Prix,1975,1,1975-01-12,James,Hunt,hunt,6,Hesketh,+5.91
2,Brazilian Grand Prix,1975,2,1975-01-26,Emerson,Fittipaldi,emerson_fittipaldi,2,McLaren,+5.79
2,South African Grand Prix,1975,3,1975-03-01,Carlos,Reutemann,reutemann,2,Brabham,+3.74
2,Spanish Grand Prix,1975,4,1975-04-27,Jacky,Ickx,ickx,16,Team Lotus,+1.1
2,Monaco Grand Prix,1975,5,1975-05-11,Emerson,Fittipaldi,emerson_fittipaldi,9,McLaren,+2.78
2,Belgian Grand Prix,1975,6,1975-05-25,Jody,Scheckter,scheckter,9,Tyrrell,+19.22
2,Swedish Grand Prix,1975,7,1975-06-08,Carlos,Reutemann,reutemann,4,Brabham,+6.288
2,Dutch Grand Prix,1975,8,1975-06-22,Niki,Lauda,lauda,1,Ferrari,+1.06
2,French Grand Prix,1975,9,1975-07-06,James,Hunt,hunt,3,Hesketh,+1.59
2,British Grand Prix,1975,10,1975-07-19,Carlos,Pace,pace,2,Brabham,0
2,German Grand Prix,1975,11,1975-08-03,Jacques,Laffite,laffite,15,Williams,+1:37.7
2,Austrian Grand Prix,1975,12,1975-08-17,James,Hunt,hunt,2,Hesketh,+27.03
2,Italian Grand Prix,1975,13,1975-09-07,Emerson,Fittipaldi,emerson_fittipaldi,3,McLaren,+16.6
2,United States Grand Prix,1975,14,1975-10-05,Emerson,Fittipaldi,emerson_fittipaldi,2,McLaren,+4.943
2,Brazilian Grand Prix,1976,1,1976-01-25,Patrick,Depailler,depailler,9,Tyrrell,+21.47
2,South African Grand Prix,1976,2,1976-03-06,James,Hunt,hunt,1,McLaren,+1.3
2,United States Grand Prix West,1976,3,1976-03-28,Niki,Lauda,lauda,4,Ferrari,+42.414
2,Spanish Grand Prix,1976,4,1976-05-02,Niki,Lauda,lauda,2,Ferrari,+30.97
2,Belgian Grand Prix,1976,5,1976-05-16,Clay,Regazzoni,regazzoni,2,Ferrari,+3.46
2,Monaco Grand Prix,1976,6,1976-05-30,Jody,Scheckter,scheckter,5,Tyrrell,+11.13
2,Swedish Grand Prix,1976,7,1976-06-13,Patrick,Depailler,depailler,4,Tyrrell,+19.766
2,French Grand Prix,1976,8,1976-07-04,Patrick,Depailler,depailler,3,Tyrrell,+12.70
2,British Grand Prix,1976,9,1976-07-18,Jody,Scheckter,scheckter,8,Tyrrell,+16.18
2,German Grand Prix,1976,10,1976-08-01,Jody,Scheckter,scheckter,8,Tyrrell,+27.7
2,Austrian Grand Prix,1976,11,1976-08-15,Jacques,Laffite,laffite,5,Ligier,+10.79
2,Dutch Grand Prix,1976,12,1976-08-29,Clay,Regazzoni,regazzoni,5,Ferrari,+0.92
2,Italian Grand Prix,1976,13,1976-09-12,Clay,Regazzoni,regazzoni,9,Ferrari,+2.3
2,Canadian Grand Prix,1976,14,1976-10-03,Patrick,Depailler,depailler,4,Tyrrell,+6.331
2,United States Grand Prix,1976,15,1976-10-10,Jody,Scheckter,scheckter,2,Tyrrell,+8.030
2,Japanese Grand Prix,1976,16,1976-10-24,Patrick,Depailler,depailler,13,Tyrrell,0
2,Argentine Grand Prix,1977,1,1977-01-09,Carlos,Pace,pace,6,Brabham,+43.24
2,Brazilian Grand Prix,1977,2,1977-01-23,James,Hunt,hunt,1,McLaren,+10.71
2,South African Grand Prix,1977,3,1977-03-05,Jody,Scheckter,scheckter,5,Wolf,+5.2
2,United States Grand Prix West,1977,4,1977-04-03,Niki,Lauda,lauda,1,Ferrari,+0.773
2,Spanish Grand Prix,1977,5,1977-05-08,Carlos,Reutemann,reutemann,4,Ferrari,+15.85
2,Monaco Grand Prix,1977,6,1977-05-22,Niki,Lauda,lauda,6,Ferrari,+0.889
2,Belgian Grand Prix,1977,7,1977-06-05,Niki,Lauda,lauda,11,Ferrari,+14.19
2,Swedish Grand Prix,1977,8,1977-06-19,Jochen,Mass,mass,9,McLaren,+8.449
2,French Grand Prix,1977,9,1977-07-03,John,Watson,watson,4,Brabham,+1.55
2,British Grand Prix,1977,10,1977-07-16,Niki,Lauda,lauda,3,Ferrari,+18.31
2,German Grand Prix,1977,11,1977-07-31,Jody,Scheckter,scheckter,1,Wolf,+14.33
2,Austrian Grand Prix,1977,12,1977-08-14,Niki,Lauda,lauda,1,Ferrari,+20.13
2,Dutch Grand Prix,1977,13,1977-08-28,Jacques,Laffite,laffite,2,Ligier,+1.89
2,Italian Grand Prix,1977,14,1977-09-11,Niki,Lauda,lauda,5,Ferrari,+16.96
2,United States Grand Prix,1977,15,1977-10-02,Mario,Andretti,mario_andretti,4,Team Lotus,+0:02.026
2,Canadian Grand Prix,1977,16,1977-10-09,Patrick,Depailler,depailler,6,Tyrrell,+6.77
2,Japanese Grand Prix,1977,17,1977-10-23,Carlos,Reutemann,reutemann,7,Ferrari,+1:02.45
2,Argentine Grand Prix,1978,1,1978-01-15,Niki,Lauda,lauda,5,Brabham,+13.21
2,Brazilian Grand Prix,1978,2,1978-01-29,Emerson,Fittipaldi,emerson_fittipaldi,7,Fittipaldi,+49.13
2,South African Grand Prix,1978,3,1978-03-04,Patrick,Depailler,depailler,11,Tyrrell,+0.466
2,United States Grand Prix West,1978,4,1978-04-02,Mario,Andretti,mario_andretti,4,Team Lotus,+11.061
2,Monaco Grand Prix,1978,5,1978-05-07,Niki,Lauda,lauda,3,Brabham,+22.45
2,Belgian Grand Prix,1978,6,1978-05-21,Ronnie,Peterson,peterson,7,Team Lotus,+9.90
2,Spanish Grand Prix,1978,7,1978-06-04,Ronnie,Peterson,peterson,2,Team Lotus,+19.56
2,Swedish Grand Prix,1978,8,1978-06-17,Riccardo,Patrese,patrese,5,Arrows,+34.019
2,French Grand Prix,1978,9,1978-07-02,Ronnie,Peterson,peterson,5,Team Lotus,+2.93
2,British Grand Prix,1978,10,1978-07-16,Niki,Lauda,lauda,4,Brabham,+1.23
2,German Grand Prix,1978,11,1978-07-30,Jody,Scheckter,scheckter,4,Wolf,+15.35
2,Austrian Grand Prix,1978,12,1978-08-13,Patrick,Depailler,depailler,14,Tyrrell,+47.44
2,Dutch Grand Prix,1978,13,1978-08-27,Ronnie,Peterson,peterson,2,Team Lotus,+0.32
2,Italian Grand Prix,1978,14,1978-09-10,John,Watson,watson,7,Brabham,+1.48
2,United States Grand Prix,1978,15,1978-10-01,Alan,Jones,jones,3,Williams,+19.739
2,Canadian Grand Prix,1978,16,1978-10-08,Jody,Scheckter,scheckter,2,Wolf,+13.372
2,Argentine Grand Prix,1979,1,1979-01-21,Carlos,Reutemann,reutemann,3,Team Lotus,+14.94
2,Brazilian Grand Prix,1979,2,1979-02-04,Patrick,Depailler,depailler,2,Ligier,+5.28
2,South African Grand Prix,1979,3,1979-03-03,Jody,Scheckter,scheckter,2,Ferrari,+3.42
2,United States Grand Prix West,1979,4,1979-04-08,Jody,Scheckter,scheckter,3,Ferrari,+29.38
2,Spanish Grand Prix,1979,5,1979-04-29,Carlos,Reutemann,reutemann,8,Team Lotus,+20.94
2,Belgian Grand Prix,1979,6,1979-05-13,Jacques,Laffite,laffite,1,Ligier,+15.36
2,Monaco Grand Prix,1979,7,1979-05-27,Clay,Regazzoni,regazzoni,16,Williams,+0.44
2,French Grand Prix,1979,8,1979-07-01,Gilles,Villeneuve,gilles_villeneuve,3,Ferrari,+14.59
2,British Grand Prix,1979,9,1979-07-14,René,Arnoux,arnoux,5,Renault,+24.28
2,German Grand Prix,1979,10,1979-07-29,Clay,Regazzoni,regazzoni,6,Williams,+2.91
2,Austrian Grand Prix,1979,11,1979-08-12,Gilles,Villeneuve,gilles_villeneuve,5,Ferrari,+36.05
2,Dutch Grand Prix,1979,12,1979-08-26,Jody,Scheckter,scheckter,5,Ferrari,+21.783
2,Italian Grand Prix,1979,13,1979-09-09,Gilles,Villeneuve,gilles_villeneuve,5,Ferrari,+0.46
2,Canadian Grand Prix,1979,14,1979-09-30,Gilles,Villeneuve,gilles_villeneuve,2,Ferrari,+1.080
2,United States Grand Prix,1979,15,1979-10-07,René,Arnoux,arnoux,7,Renault,+48.787
2,Argentine Grand Prix,1980,1,1980-01-13,Nelson,Piquet,piquet,4,Brabham,+24.59
2,Brazilian Grand Prix,1980,2,1980-01-27,Elio,de Angelis,angelis,7,Team Lotus,+21.86
2,South African Grand Prix,1980,3,1980-03-01,Jacques,Laffite,laffite,4,Ligier,+34.07
2,United States Grand Prix West,1980,4,1980-03-30,Riccardo,Patrese,patrese,8,Arrows,+49.212
2,Belgian Grand Prix,1980,5,1980-05-04,Alan,Jones,jones,1,Williams,+47.37
2,Monaco Grand Prix,1980,6,1980-05-18,Jacques,Laffite,laffite,5,Ligier,+1:13.629
2,French Grand Prix,1980,7,1980-06-29,Didier,Pironi,pironi,3,Ligier,+4.52
2,British Grand Prix,1980,8,1980-07-13,Nelson,Piquet,piquet,5,Brabham,+11.007
2,German Grand Prix,1980,9,1980-08-10,Carlos,Reutemann,reutemann,4,Williams,+3.19
2,Austrian Grand Prix,1980,10,1980-08-17,Alan,Jones,jones,3,Williams,+0.82
2,Dutch Grand Prix,1980,11,1980-08-31,René,Arnoux,arnoux,1,Renault,+12.93
2,Italian Grand Prix,1980,12,1980-09-14,Alan,Jones,jones,6,Williams,+28.93
2,Canadian Grand Prix,1980,13,1980-09-28,Carlos,Reutemann,reutemann,5,Williams,+15.54
2,United States Grand Prix,1980,14,1980-10-05,Carlos,Reutemann,reutemann,3,Williams,+4.21
2,United States Grand Prix West,1981,1,1981-03-15,Carlos,Reutemann,reutemann,3,Williams,+9.19
2,Brazilian Grand Prix,1981,2,1981-03-29,Alan,Jones,jones,3,Williams,+4.44
2,Argentine Grand Prix,1981,3,1981-04-12,Carlos,Reutemann,reutemann,4,Williams,+26.61
2,San Marino Grand Prix,1981,4,1981-05-03,Riccardo,Patrese,patrese,9,Arrows,+4.58
2,Belgian Grand Prix,1981,5,1981-05-17,Jacques,Laffite,laffite,9,Ligier,+36.06
2,Monaco Grand Prix,1981,6,1981-05-31,Alan,Jones,jones,7,Williams,+39.91
2,Spanish Grand Prix,1981,7,1981-06-21,Jacques,Laffite,laffite,1,Ligier,+0.22
2,French Grand Prix,1981,8,1981-07-05,John,Watson,watson,2,McLaren,+2.29
2,British Grand Prix,1981,9,1981-07-18,Carlos,Reutemann,reutemann,9,Williams,+40.65
2,German Grand Prix,1981,10,1981-08-02,Alain,Prost,prost,1,Renault,+11.52
2,Austrian Grand Prix,1981,11,1981-08-16,René,Arnoux,arnoux,1,Renault,+5.17
2,Dutch Grand Prix,1981,12,1981-08-30,Nelson,Piquet,piquet,3,Brabham,+8.24
2,Italian Grand Prix,1981,13,1981-09-13,Alan,Jones,jones,5,Williams,+22.175
2,Canadian Grand Prix,1981,14,1981-09-27,John,Watson,watson,9,McLaren,+6.23
2,Caesars Palace Grand Prix,1981,15,1981-10-17,Alain,Prost,prost,5,Renault,+20.048
2,South African Grand Prix,1982,1,1982-01-23,Carlos,Reutemann,reutemann,8,Williams,+14.946
2,Brazilian Grand Prix,1982,2,1982-03-21,John,Watson,watson,12,McLaren,+2.990
2,United States Grand Prix West,1982,3,1982-04-04,Keke,Rosberg,keke_rosberg,8,Williams,+14.660
2,San Marino Grand Prix,1982,4,1982-04-25,Gilles,Villeneuve,gilles_villeneuve,3,Ferrari,+0.366
2,Belgian Grand Prix,1982,5,1982-05-09,Keke,Rosberg,keke_rosberg,3,Williams,+7.268
2,Monaco Grand Prix,1982,6,1982-05-23,Didier,Pironi,pironi,5,Ferrari,0
2,Detroit Grand Prix,1982,7,1982-06-06,Eddie,Cheever,cheever,9,Ligier,+15.726
2,Canadian Grand Prix,1982,8,1982-06-13,Riccardo,Patrese,patrese,8,Brabham,+13.799
2,Dutch Grand Prix,1982,9,1982-07-03,Nelson,Piquet,piquet,3,Brabham,+21.649
2,British Grand Prix,1982,10,1982-07-18,Didier,Pironi,pironi,4,Ferrari,+25.726
2,French Grand Prix,1982,11,1982-07-25,Alain,Prost,prost,2,Renault,+17.308
2,German Grand Prix,1982,12,1982-08-08,René,Arnoux,arnoux,3,Renault,+16.379
2,Austrian Grand Prix,1982,13,1982-08-15,Keke,Rosberg,keke_rosberg,6,Williams,+0.050
2,Swiss Grand Prix,1982,14,1982-08-29,Alain,Prost,prost,1,Renault,+4.442
2,Italian Grand Prix,1982,15,1982-09-12,Patrick,Tambay,tambay,3,Ferrari,+14.064
2,Caesars Palace Grand Prix,1982,16,1982-09-25,John,Watson,watson,9,McLaren,+27.292
2,United States Grand Prix West,1983,2,1983-03-27,Niki,Lauda,lauda,23,McLaren,+27.993
2,French Grand Prix,1983,3,1983-04-17,Nelson,Piquet,piquet,6,Brabham,+29.720
2,San Marino Grand Prix,1983,4,1983-05-01,Alain,Prost,prost,4,Renault,+48.781
2,Monaco Grand Prix,1983,5,1983-05-15,Nelson,Piquet,piquet,6,Brabham,+18.475
2,Belgian Grand Prix,1983,6,1983-05-22,Patrick,Tambay,tambay,2,Ferrari,+23.182
2,Detroit Grand Prix,1983,7,1983-06-05,Keke,Rosberg,keke_rosberg,12,Williams,+7.702
2,Canadian Grand Prix,1983,8,1983-06-12,Eddie,Cheever,cheever,6,Renault,+42.029
2,British Grand Prix,1983,9,1983-07-16,Nelson,Piquet,piquet,6,Brabham,+19.161
2,German Grand Prix,1983,10,1983-08-07,Andrea,de Cesaris,cesaris,3,Alfa Romeo,+1:10.652
2,Austrian Grand Prix,1983,11,1983-08-14,René,Arnoux,arnoux,2,Ferrari,+6.835
2,Dutch Grand Prix,1983,12,1983-08-28,Patrick,Tambay,tambay,2,Ferrari,+20.839
2,Italian Grand Prix,1983,13,1983-09-11,René,Arnoux,arnoux,3,Ferrari,+10.212
2,European Grand Prix,1983,14,1983-09-25,Alain,Prost,prost,8,Renault,+6.571
2,South African Grand Prix,1983,15,1983-10-15,Andrea,de Cesaris,cesaris,9,Alfa Romeo,+9.319
2,Brazilian Grand Prix,1984,1,1984-03-25,Keke,Rosberg,keke_rosberg,9,Williams,+40.514
2,South African Grand Prix,1984,2,1984-04-07,Alain,Prost,prost,5,McLaren,+1:05.950
2,Belgian Grand Prix,1984,3,1984-04-29,Derek,Warwick,warwick,4,Renault,+42.386
2,San Marino Grand Prix,1984,4,1984-05-06,René,Arnoux,arnoux,6,Ferrari,+13.416
2,French Grand Prix,1984,5,1984-05-20,Patrick,Tambay,tambay,1,Renault,+7.154
2,Monaco Grand Prix,1984,6,1984-06-03,Ayrton,Senna,senna,13,Toleman,+7.446
2,Canadian Grand Prix,1984,7,1984-06-17,Niki,Lauda,lauda,8,McLaren,+2.612
2,Detroit Grand Prix,1984,8,1984-06-24,Elio,de Angelis,angelis,5,Team Lotus,+32.638
2,Dallas Grand Prix,1984,9,1984-07-08,René,Arnoux,arnoux,4,Ferrari,+22.464
2,British Grand Prix,1984,10,1984-07-22,Derek,Warwick,warwick,6,Renault,+42.123
2,German Grand Prix,1984,11,1984-08-05,Niki,Lauda,lauda,7,McLaren,+3.149
2,Austrian Grand Prix,1984,12,1984-08-19,Nelson,Piquet,piquet,1,Brabham,+23.525
2,Dutch Grand Prix,1984,13,1984-08-26,Niki,Lauda,lauda,6,McLaren,+10.283
2,Italian Grand Prix,1984,14,1984-09-09,Michele,Alboreto,alboreto,11,Ferrari,+24.249
2,European Grand Prix,1984,15,1984-10-07,Michele,Alboreto,alboreto,5,Ferrari,+23.911
2,Portuguese Grand Prix,1984,16,1984-10-21,Niki,Lauda,lauda,11,McLaren,+13.425
2,Brazilian Grand Prix,1985,1,1985-04-07,Michele,Alboreto,alboreto,1,Ferrari,+3.259
2,Portuguese Grand Prix,1985,2,1985-04-21,Michele,Alboreto,alboreto,5,Ferrari,+1:02.978
2,San Marino Grand Prix,1985,3,1985-05-05,Thierry,Boutsen,boutsen,5,Arrows,0
2,Monaco Grand Prix,1985,4,1985-05-19,Michele,Alboreto,alboreto,3,Ferrari,+7.541
2,Canadian Grand Prix,1985,5,1985-06-16,Stefan,Johansson,johansson,4,Ferrari,+1.957
2,Detroit Grand Prix,1985,6,1985-06-23,Stefan,Johansson,johansson,9,Ferrari,+57.549
2,French Grand Prix,1985,7,1985-07-07,Keke,Rosberg,keke_rosberg,1,Williams,+6.660
2,British Grand Prix,1985,8,1985-07-21,Michele,Alboreto,alboreto,6,Ferrari,0
2,German Grand Prix,1985,9,1985-08-04,Alain,Prost,prost,3,McLaren,+11.661
2,Austrian Grand Prix,1985,10,1985-08-18,Ayrton,Senna,senna,14,Team Lotus,+30.002
2,Dutch Grand Prix,1985,11,1985-08-25,Alain,Prost,prost,3,McLaren,+0.232
2,Italian Grand Prix,1985,12,1985-09-08,Nelson,Piquet,piquet,4,Brabham,+51.635
2,Belgian Grand Prix,1985,13,1985-09-15,Nigel,Mansell,mansell,7,Williams,+28.422
2,European Grand Prix,1985,14,1985-10-06,Ayrton,Senna,senna,1,Team Lotus,+21.396
2,South African Grand Prix,1985,15,1985-10-19,Keke,Rosberg,keke_rosberg,3,Williams,+7.572
2,Australian Grand Prix,1985,16,1985-11-03,Jacques,Laffite,laffite,20,Ligier,+43.130
2,Brazilian Grand Prix,1986,1,1986-03-23,Ayrton,Senna,senna,1,Team Lotus,+34.827
2,Spanish Grand Prix,1986,2,1986-04-13,Nigel,Mansell,mansell,3,Williams,+0.014
2,San Marino Grand Prix,1986,3,1986-04-27,Nelson,Piquet,piquet,2,Williams,+7.645
2,Monaco Grand Prix,1986,4,1986-05-11,Keke,Rosberg,keke_rosberg,9,McLaren,+25.022
2,Belgian Grand Prix,1986,5,1986-05-25,Ayrton,Senna,senna,4,Team Lotus,+19.827
2,Canadian Grand Prix,1986,6,1986-06-15,Alain,Prost,prost,4,McLaren,+20.659
2,Detroit Grand Prix,1986,7,1986-06-22,Jacques,Laffite,laffite,6,Ligier,+31.017
2,French Grand Prix,1986,8,1986-07-06,Alain,Prost,prost,5,McLaren,+17.128
2,British Grand Prix,1986,9,1986-07-13,Nelson,Piquet,piquet,1,Williams,+5.574
2,German Grand Prix,1986,10,1986-07-27,Ayrton,Senna,senna,3,Team Lotus,+15.437
2,Hungarian Grand Prix,1986,11,1986-08-10,Ayrton,Senna,senna,1,Team Lotus,+17.673
2,Austrian Grand Prix,1986,12,1986-08-17,Michele,Alboreto,alboreto,9,Ferrari,0
2,Italian Grand Prix,1986,13,1986-09-07,Nigel,Mansell,mansell,3,Williams,+9.828
2,Portuguese Grand Prix,1986,14,1986-09-21,Alain,Prost,prost,3,McLaren,+18.772
2,Mexican Grand Prix,1986,15,1986-10-12,Alain,Prost,prost,6,McLaren,+25.438
2,Australian Grand Prix,1986,16,1986-10-26,Nelson,Piquet,piquet,2,Williams,+4.205
2,Brazilian Grand Prix,1987,1,1987-04-12,Nelson,Piquet,piquet,2,Williams,+40.547
2,San Marino Grand Prix,1987,2,1987-05-03,Ayrton,Senna,senna,1,Team Lotus,+27.545
2,Belgian Grand Prix,1987,3,1987-05-17,Stefan,Johansson,johansson,10,McLaren,+24.764
2,Monaco Grand Prix,1987,4,1987-05-31,Nelson,Piquet,piquet,3,Williams,+33.212
2,Detroit Grand Prix,1987,5,1987-06-21,Nelson,Piquet,piquet,3,Williams,+33.819
2,French Grand Prix,1987,6,1987-07-05,Nelson,Piquet,piquet,4,Williams,+7.711
2,British Grand Prix,1987,7,1987-07-12,Nelson,Piquet,piquet,1,Williams,+1.918
2,German Grand Prix,1987,8,1987-07-26,Stefan,Johansson,johansson,8,McLaren,+1:39.591
2,Hungarian Grand Prix,1987,9,1987-08-09,Ayrton,Senna,senna,6,Team Lotus,+37.727
2,Austrian Grand Prix,1987,10,1987-08-16,Nelson,Piquet,piquet,1,Williams,+55.704
2,Italian Grand Prix,1987,11,1987-09-06,Ayrton,Senna,senna,4,Team Lotus,+1.806
2,Portuguese Grand Prix,1987,12,1987-09-20,Gerhard,Berger,berger,1,Ferrari,+20.493
2,Spanish Grand Prix,1987,13,1987-09-27,Alain,Prost,prost,7,McLaren,+22.225
2,Mexican Grand Prix,1987,14,1987-10-18,Nelson,Piquet,piquet,3,Williams,+26.176
2,Japanese Grand Prix,1987,15,1987-11-01,Ayrton,Senna,senna,7,Team Lotus,+17.384
2,Australian Grand Prix,1987,16,1987-11-15,Michele,Alboreto,alboreto,6,Ferrari,+1:07.884
2,Brazilian Grand Prix,1988,1,1988-04-03,Gerhard,Berger,berger,4,Ferrari,+9.873
2,San Marino Grand Prix,1988,2,1988-05-01,Alain,Prost,prost,2,McLaren,+2.334
2,Monaco Grand Prix,1988,3,1988-05-15,Gerhard,Berger,berger,3,Ferrari,+20.453
2,Mexican Grand Prix,1988,4,1988-05-29,Ayrton,Senna,senna,1,McLaren,+7.104
2,Canadian Grand Prix,1988,5,1988-06-12,Alain,Prost,prost,2,McLaren,+5.934
2,Detroit Grand Prix,1988,6,1988-06-19,Alain,Prost,prost,4,McLaren,+38.713
2,French Grand Prix,1988,7,1988-07-03,Ayrton,Senna,senna,2,McLaren,+31.752
2,British Grand Prix,1988,8,1988-07-10,Nigel,Mansell,mansell,11,Williams,+23.344
2,German Grand Prix,1988,9,1988-07-24,Alain,Prost,prost,2,McLaren,+13.609
2,Hungarian Grand Prix,1988,10,1988-08-07,Alain,Prost,prost,7,McLaren,+0.529
2,Belgian Grand Prix,1988,11,1988-08-28,Alain,Prost,prost,2,McLaren,+30.470
2,Italian Grand Prix,1988,12,1988-09-11,Michele,Alboreto,alboreto,4,Ferrari,+0.502
2,Portuguese Grand Prix,1988,13,1988-09-25,Ivan,Capelli,capelli,3,March,+9.553
2,Spanish Grand Prix,1988,14,1988-10-02,Nigel,Mansell,mansell,3,Williams,+26.232
2,Japanese Grand Prix,1988,15,1988-10-30,Alain,Prost,prost,2,McLaren,+13.363
2,Australian Grand Prix,1988,16,1988-11-13,Ayrton,Senna,senna,1,McLaren,+36.387
3,South African Grand Prix,1970,1,1970-03-07,Jackie,Stewart,stewart,1,March,+17.1
3,Spanish Grand Prix,1970,2,1970-04-19,Mario,Andretti,mario_andretti,16,March,0
3,Monaco Grand Prix,1970,3,1970-05-10,Henri,Pescarolo,pescarolo,7,Matra,+51.4
3,Belgian Grand Prix,1970,4,1970-06-07,Jean-Pierre,Beltoise,beltoise,11,Matra,+1:43.7
3,Dutch Grand Prix,1970,5,1970-06-21,Jacky,Ickx,ickx,3,Ferrari,0
3,French Grand Prix,1970,6,1970-07-05,Jack,Brabham,jack_brabham,5,Brabham,+44.83
3,British Grand Prix,1970,7,1970-07-18,Denny,Hulme,hulme,5,McLaren-Ford,+54.4
3,German Grand Prix,1970,8,1970-08-02,Denny,Hulme,hulme,16,McLaren-Ford,+1:21.8
3,Austrian Grand Prix,1970,9,1970-08-16,Rolf,Stommelen,stommelen,17,Brabham,+1:27.88
3,Italian Grand Prix,1970,10,1970-09-06,Jean-Pierre,Beltoise,beltoise,14,Matra,+5.8
3,Canadian Grand Prix,1970,11,1970-09-20,Chris,Amon,amon,6,March,+57.9
3,United States Grand Prix,1970,12,1970-10-04,Reine,Wisell,wisell,9,Team Lotus,+45.17
3,Mexican Grand Prix,1970,13,1970-10-25,Denny,Hulme,hulme,14,McLaren-Ford,+45.97
3,South African Grand Prix,1971,1,1971-03-06,Clay,Regazzoni,regazzoni,3,Ferrari,+31.4
3,Spanish Grand Prix,1971,2,1971-04-18,Chris,Amon,amon,3,Matra,+58.1
3,Monaco Grand Prix,1971,3,1971-05-23,Jacky,Ickx,ickx,2,Ferrari,+ 53.3
3,Dutch Grand Prix,1971,4,1971-06-20,Clay,Regazzoni,regazzoni,4,Ferrari,0
3,French Grand Prix,1971,5,1971-07-04,Emerson,Fittipaldi,emerson_fittipaldi,17,Lotus-Ford,+34.07
3,British Grand Prix,1971,6,1971-07-17,Emerson,Fittipaldi,emerson_fittipaldi,4,Lotus-Ford,+50.5
3,German Grand Prix,1971,7,1971-08-01,Clay,Regazzoni,regazzoni,4,Ferrari,+37.1
3,Austrian Grand Prix,1971,8,1971-08-15,Tim,Schenken,schenken,7,Brabham,+19.77
3,Italian Grand Prix,1971,9,1971-09-05,François,Cevert,cevert,5,Tyrrell,+0.09
3,Canadian Grand Prix,1971,10,1971-09-19,Mark,Donohue,donohue,8,McLaren,+1:35.8
3,United States Grand Prix,1971,11,1971-10-03,Ronnie,Peterson,peterson,11,March-Ford,+44.070
3,Argentine Grand Prix,1972,1,1972-01-23,Jacky,Ickx,ickx,8,Ferrari,+59.39
3,South African Grand Prix,1972,2,1972-03-04,Peter,Revson,revson,12,McLaren,+25.8
3,Spanish Grand Prix,1972,3,1972-05-01,Clay,Regazzoni,regazzoni,8,Ferrari,0
3,Monaco Grand Prix,1972,4,1972-05-14,Emerson,Fittipaldi,emerson_fittipaldi,1,Team Lotus,0
3,Belgian Grand Prix,1972,5,1972-06-04,Denny,Hulme,hulme,3,McLaren,+58.1
3,French Grand Prix,1972,6,1972-07-02,Chris,Amon,amon,1,Matra,+31.9
3,British Grand Prix,1972,7,1972-07-15,Peter,Revson,revson,3,McLaren,+1:12.5
3,German Grand Prix,1972,8,1972-07-30,Ronnie,Peterson,peterson,4,March,+1:06.7
3,Austrian Grand Prix,1972,9,1972-08-13,Peter,Revson,revson,4,McLaren,+36.53
3,Italian Grand Prix,1972,10,1972-09-10,Denny,Hulme,hulme,5,McLaren,+23.8
3,Canadian Grand Prix,1972,11,1972-09-24,Denny,Hulme,hulme,2,McLaren,+54.6
3,United States Grand Prix,1972,12,1972-10-08,Denny,Hulme,hulme,3,McLaren,+37.528
3,Argentine Grand Prix,1973,1,1973-01-28,Jackie,Stewart,stewart,4,Tyrrell,+33.19
3,Brazilian Grand Prix,1973,2,1973-02-11,Denny,Hulme,hulme,5,McLaren,+1:46.4
3,South African Grand Prix,1973,3,1973-03-03,Emerson,Fittipaldi,emerson_fittipaldi,2,Team Lotus,+25.06
3,Spanish Grand Prix,1973,4,1973-04-29,George,Follmer,follmer,14,Shadow,+1:13.1
3,Belgian Grand Prix,1973,5,1973-05-20,Emerson,Fittipaldi,emerson_fittipaldi,9,Team Lotus,+2:02.79
3,Monaco Grand Prix,1973,6,1973-06-03,Ronnie,Peterson,peterson,2,Team Lotus,0
3,Swedish Grand Prix,1973,7,1973-06-17,François,Cevert,cevert,2,Tyrrell,+14.667
3,French Grand Prix,1973,8,1973-07-01,Carlos,Reutemann,reutemann,8,Brabham,+46.48
3,British Grand Prix,1973,9,1973-07-14,Denny,Hulme,hulme,2,McLaren,+3.0
3,Dutch Grand Prix,1973,10,1973-07-29,James,Hunt,hunt,7,March,+1:03.01
3,German Grand Prix,1973,11,1973-08-05,Jacky,Ickx,ickx,4,McLaren,+41.2
3,Austrian Grand Prix,1973,12,1973-08-19,Carlos,Pace,pace,8,Surtees,+46.64
3,Italian Grand Prix,1973,13,1973-09-09,Peter,Revson,revson,2,McLaren,+28.8
3,Canadian Grand Prix,1973,14,1973-09-23,Jackie,Oliver,oliver,14,Shadow,+34.505
3,United States Grand Prix,1973,15,1973-10-07,Carlos,Reutemann,reutemann,2,Brabham,+22.930
3,Argentine Grand Prix,1974,1,1974-01-13,Clay,Regazzoni,regazzoni,2,Ferrari,+20.41
3,Brazilian Grand Prix,1974,2,1974-01-27,Jacky,Ickx,ickx,5,Team Lotus,0
3,South African Grand Prix,1974,3,1974-03-30,Mike,Hailwood,hailwood,12,McLaren,+42.16
3,Spanish Grand Prix,1974,4,1974-04-28,Emerson,Fittipaldi,emerson_fittipaldi,4,McLaren,0
3,Belgian Grand Prix,1974,5,1974-05-12,Jody,Scheckter,scheckter,2,Tyrrell,+45.61
3,Monaco Grand Prix,1974,6,1974-05-26,Jean-Pierre,Jarier,jarier,6,Shadow,+48.9
3,Swedish Grand Prix,1974,7,1974-06-09,James,Hunt,hunt,6,Hesketh,+3.325
3,Dutch Grand Prix,1974,8,1974-06-23,Emerson,Fittipaldi,emerson_fittipaldi,3,McLaren,+30.27
3,French Grand Prix,1974,9,1974-07-07,Clay,Regazzoni,regazzoni,4,Ferrari,+27.84
3,British Grand Prix,1974,10,1974-07-20,Jacky,Ickx,ickx,12,Team Lotus,+1:01.5
3,German Grand Prix,1974,11,1974-08-04,Carlos,Reutemann,reutemann,6,Brabham,+1:23.3
3,Austrian Grand Prix,1974,12,1974-08-18,James,Hunt,hunt,7,Hesketh,+1:01.54
3,Italian Grand Prix,1974,13,1974-09-08,Jody,Scheckter,scheckter,12,Tyrrell,+24.7
3,Canadian Grand Prix,1974,14,1974-09-22,Ronnie,Peterson,peterson,10,Team Lotus,+14.494
3,United States Grand Prix,1974,15,1974-10-06,James,Hunt,hunt,2,Hesketh,+1:10.384
3,Argentine Grand Prix,1975,1,1975-01-12,Carlos,Reutemann,reutemann,3,Brabham,+17.06
3,Brazilian Grand Prix,1975,2,1975-01-26,Jochen,Mass,mass,10,McLaren,+26.66
3,South African Grand Prix,1975,3,1975-03-01,Patrick,Depailler,depailler,5,Tyrrell,+16.92
3,Spanish Grand Prix,1975,4,1975-04-27,Carlos,Reutemann,reutemann,15,Brabham,0
3,Monaco Grand Prix,1975,5,1975-05-11,Carlos,Pace,pace,8,Brabham,+17.81
3,Belgian Grand Prix,1975,6,1975-05-25,Carlos,Reutemann,reutemann,6,Brabham,+41.82
3,Swedish Grand Prix,1975,7,1975-06-08,Clay,Regazzoni,regazzoni,12,Ferrari,+29.095
3,Dutch Grand Prix,1975,8,1975-06-22,Clay,Regazzoni,regazzoni,2,Ferrari,+55.06
3,French Grand Prix,1975,9,1975-07-06,Jochen,Mass,mass,7,McLaren,+2.31
3,British Grand Prix,1975,10,1975-07-19,Jody,Scheckter,scheckter,6,Tyrrell,0
3,German Grand Prix,1975,11,1975-08-03,Niki,Lauda,lauda,1,Ferrari,+2:23.3
3,Austrian Grand Prix,1975,12,1975-08-17,Tom,Pryce,pryce,15,Shadow-Ford,+34.85
3,Italian Grand Prix,1975,13,1975-09-07,Niki,Lauda,lauda,1,Ferrari,+23.2
3,United States Grand Prix,1975,14,1975-10-05,Jochen,Mass,mass,9,McLaren,+47.637
3,Brazilian Grand Prix,1976,1,1976-01-25,Tom,Pryce,pryce,12,Shadow,+23.84
3,South African Grand Prix,1976,2,1976-03-06,Jochen,Mass,mass,4,McLaren,+45.9
3,United States Grand Prix West,1976,3,1976-03-28,Patrick,Depailler,depailler,2,Tyrrell,+49.972
3,Spanish Grand Prix,1976,4,1976-05-02,Gunnar,Nilsson,nilsson,7,Team Lotus,+48.02
3,Belgian Grand Prix,1976,5,1976-05-16,Jacques,Laffite,laffite,4,Ligier,+35.38
3,Monaco Grand Prix,1976,6,1976-05-30,Patrick,Depailler,depailler,4,Tyrrell,+1:04.84
3,Swedish Grand Prix,1976,7,1976-06-13,Niki,Lauda,lauda,5,Ferrari,+33.866
3,French Grand Prix,1976,8,1976-07-04,John,Watson,watson,8,Penske,+23.55
3,British Grand Prix,1976,9,1976-07-18,John,Watson,watson,11,Penske,0
3,German Grand Prix,1976,10,1976-08-01,Jochen,Mass,mass,9,McLaren,+52.4
3,Austrian Grand Prix,1976,11,1976-08-15,Gunnar,Nilsson,nilsson,4,Team Lotus,+11.98
3,Dutch Grand Prix,1976,12,1976-08-29,Mario,Andretti,mario_andretti,6,Team Lotus,+2.09
3,Italian Grand Prix,1976,13,1976-09-12,Jacques,Laffite,laffite,1,Ligier,+3.0
3,Canadian Grand Prix,1976,14,1976-10-03,Mario,Andretti,mario_andretti,5,Team Lotus,+10.366
3,United States Grand Prix,1976,15,1976-10-10,Niki,Lauda,lauda,5,Ferrari,+1:02.324
3,Japanese Grand Prix,1976,16,1976-10-24,James,Hunt,hunt,2,McLaren,0
3,Argentine Grand Prix,1977,1,1977-01-09,Carlos,Reutemann,reutemann,7,Ferrari,+46.02
3,Brazilian Grand Prix,1977,2,1977-01-23,Niki,Lauda,lauda,13,Ferrari,+1:47.51
3,South African Grand Prix,1977,3,1977-03-05,Patrick,Depailler,depailler,4,Tyrrell,+5.7
3,United States Grand Prix West,1977,4,1977-04-03,Jody,Scheckter,scheckter,3,Wolf,+4.857
3,Spanish Grand Prix,1977,5,1977-05-08,Jody,Scheckter,scheckter,5,Wolf,+24.51
3,Monaco Grand Prix,1977,6,1977-05-22,Carlos,Reutemann,reutemann,3,Ferrari,+32.8
3,Belgian Grand Prix,1977,7,1977-06-05,Ronnie,Peterson,peterson,8,Tyrrell,+19.95
3,Swedish Grand Prix,1977,8,1977-06-19,Carlos,Reutemann,reutemann,12,Ferrari,+14.369
3,French Grand Prix,1977,9,1977-07-03,James,Hunt,hunt,2,McLaren,+33.87
3,British Grand Prix,1977,10,1977-07-16,Gunnar,Nilsson,nilsson,5,Team Lotus,+19.57
3,German Grand Prix,1977,11,1977-07-31,Hans-Joachim,Stuck,stuck,5,Brabham,+20.9
3,Austrian Grand Prix,1977,12,1977-08-14,Hans-Joachim,Stuck,stuck,4,Brabham,+34.5
3,Dutch Grand Prix,1977,13,1977-08-28,Jody,Scheckter,scheckter,15,Wolf,0
3,Italian Grand Prix,1977,14,1977-09-11,Alan,Jones,jones,16,Shadow,+23.63
3,United States Grand Prix,1977,15,1977-10-02,Jody,Scheckter,scheckter,9,Wolf,+1:18.879
3,Canadian Grand Prix,1977,16,1977-10-09,Jochen,Mass,mass,5,McLaren,+15.76
3,Japanese Grand Prix,1977,17,1977-10-23,Patrick,Depailler,depailler,15,Tyrrell,+1:06.39
3,Argentine Grand Prix,1978,1,1978-01-15,Patrick,Depailler,depailler,10,Tyrrell,+13.64
3,Brazilian Grand Prix,1978,2,1978-01-29,Niki,Lauda,lauda,10,Brabham,+57.02
3,South African Grand Prix,1978,3,1978-03-04,John,Watson,watson,10,Brabham,+4.442
3,United States Grand Prix West,1978,4,1978-04-02,Patrick,Depailler,depailler,12,Tyrrell,+28.951
3,Monaco Grand Prix,1978,5,1978-05-07,Jody,Scheckter,scheckter,9,Wolf,+32.29
3,Belgian Grand Prix,1978,6,1978-05-21,Carlos,Reutemann,reutemann,2,Ferrari,+24.34
3,Spanish Grand Prix,1978,7,1978-06-04,Jacques,Laffite,laffite,10,Ligier,+37.24
3,Swedish Grand Prix,1978,8,1978-06-17,Ronnie,Peterson,peterson,4,Team Lotus,+34.105
3,French Grand Prix,1978,9,1978-07-02,James,Hunt,hunt,4,McLaren,+19.8
3,British Grand Prix,1978,10,1978-07-16,John,Watson,watson,9,Brabham,+37.25
3,German Grand Prix,1978,11,1978-07-30,Jacques,Laffite,laffite,7,Ligier,+28.01
3,Austrian Grand Prix,1978,12,1978-08-13,Gilles,Villeneuve,gilles_villeneuve,11,Ferrari,+1:39.76
3,Dutch Grand Prix,1978,13,1978-08-27,Niki,Lauda,lauda,3,Brabham,+12.21
3,Italian Grand Prix,1978,14,1978-09-10,Carlos,Reutemann,reutemann,11,Ferrari,+20.47
3,United States Grand Prix,1978,15,1978-10-01,Jody,Scheckter,scheckter,11,Wolf,+45.701
3,Canadian Grand Prix,1978,16,1978-10-08,Carlos,Reutemann,reutemann,11,Ferrari,+19.408
3,Argentine Grand Prix,1979,1,1979-01-21,John,Watson,watson,6,McLaren,+1:28.81
3,Brazilian Grand Prix,1979,2,1979-02-04,Carlos,Reutemann,reutemann,3,Team Lotus,+44.14
3,South African Grand Prix,1979,3,1979-03-03,Jean-Pierre,Jarier,jarier,9,Tyrrell,+22.11
3,United States Grand Prix West,1979,4,1979-04-08,Alan,Jones,jones,10,Williams,+59.69
3,Spanish Grand Prix,1979,5,1979-04-29,Mario,Andretti,mario_andretti,4,Team Lotus,+27.31
3,Belgian Grand Prix,1979,6,1979-05-13,Didier,Pironi,pironi,12,Tyrrell,+35.17
3,Monaco Grand Prix,1979,7,1979-05-27,Carlos,Reutemann,reutemann,11,Team Lotus,+8.57
3,French Grand Prix,1979,8,1979-07-01,René,Arnoux,arnoux,2,Renault,+14.83
3,British Grand Prix,1979,9,1979-07-14,Jean-Pierre,Jarier,jarier,16,Tyrrell,0
3,German Grand Prix,1979,10,1979-07-29,Jacques,Laffite,laffite,3,Ligier,+18.39
3,Austrian Grand Prix,1979,11,1979-08-12,Jacques,Laffite,laffite,8,Ligier,+46.77
3,Dutch Grand Prix,1979,12,1979-08-26,Jacques,Laffite,laffite,7,Ligier,+1:03.253
3,Italian Grand Prix,1979,13,1979-09-09,Clay,Regazzoni,regazzoni,6,Williams,+4.78
3,Canadian Grand Prix,1979,14,1979-09-30,Clay,Regazzoni,regazzoni,3,Williams,+1:13.656
3,United States Grand Prix,1979,15,1979-10-07,Didier,Pironi,pironi,10,Tyrrell,+53.199
3,Argentine Grand Prix,1980,1,1980-01-13,Keke,Rosberg,keke_rosberg,13,Fittipaldi,+1:18.64
3,Brazilian Grand Prix,1980,2,1980-01-27,Alan,Jones,jones,10,Williams,+1:06.11
3,South African Grand Prix,1980,3,1980-03-01,Didier,Pironi,pironi,5,Ligier,+52.49
3,United States Grand Prix West,1980,4,1980-03-30,Emerson,Fittipaldi,emerson_fittipaldi,24,Fittipaldi,+1:18.563
3,Belgian Grand Prix,1980,5,1980-05-04,Carlos,Reutemann,reutemann,4,Williams,+84.12
3,Monaco Grand Prix,1980,6,1980-05-18,Nelson,Piquet,piquet,4,Brabham,+1:17.726
3,French Grand Prix,1980,7,1980-06-29,Jacques,Laffite,laffite,1,Ligier,+30.26
3,British Grand Prix,1980,8,1980-07-13,Carlos,Reutemann,reutemann,4,Williams,+13.285
3,German Grand Prix,1980,9,1980-08-10,Alan,Jones,jones,1,Williams,+43.53
3,Austrian Grand Prix,1980,10,1980-08-17,Carlos,Reutemann,reutemann,4,Williams,+19.36
3,Dutch Grand Prix,1980,11,1980-08-31,Jacques,Laffite,laffite,6,Ligier,+13.43
3,Italian Grand Prix,1980,12,1980-09-14,Carlos,Reutemann,reutemann,3,Williams,+1:13.67
3,Canadian Grand Prix,1980,13,1980-09-28,Didier,Pironi,pironi,3,Ligier,+19.07
3,United States Grand Prix,1980,14,1980-10-05,Didier,Pironi,pironi,7,Ligier,+12.57
3,United States Grand Prix West,1981,1,1981-03-15,Nelson,Piquet,piquet,4,Brabham,+34.92
3,Brazilian Grand Prix,1981,2,1981-03-29,Riccardo,Patrese,patrese,4,Arrows,+1:03.08
3,Argentine Grand Prix,1981,3,1981-04-12,Alain,Prost,prost,2,Renault,+49.98
3,San Marino Grand Prix,1981,4,1981-05-03,Carlos,Reutemann,reutemann,2,Williams,+6.34
3,Belgian Grand Prix,1981,5,1981-05-17,Nigel,Mansell,mansell,10,Team Lotus,+43.69
3,Monaco Grand Prix,1981,6,1981-05-31,Jacques,Laffite,laffite,8,Ligier,+1:29.24
3,Spanish Grand Prix,1981,7,1981-06-21,John,Watson,watson,4,McLaren,+0.58
3,French Grand Prix,1981,8,1981-07-05,Nelson,Piquet,piquet,4,Brabham,+24.22
3,British Grand Prix,1981,9,1981-07-18,Jacques,Laffite,laffite,14,Ligier,0
3,German Grand Prix,1981,10,1981-08-02,Jacques,Laffite,laffite,7,Ligier,+1:04.60
3,Austrian Grand Prix,1981,11,1981-08-16,Nelson,Piquet,piquet,7,Brabham,+7.34
3,Dutch Grand Prix,1981,12,1981-08-30,Alan,Jones,jones,4,Williams,+35.50
3,Italian Grand Prix,1981,13,1981-09-13,Carlos,Reutemann,reutemann,2,Williams,+50.587
3,Canadian Grand Prix,1981,14,1981-09-27,Gilles,Villeneuve,gilles_villeneuve,11,Ferrari,+1:50.27
3,Caesars Palace Grand Prix,1981,15,1981-10-17,Bruno,Giacomelli,giacomelli,8,Alfa Romeo,+20.428
3,South African Grand Prix,1982,1,1982-01-23,René,Arnoux,arnoux,1,Renault,+27.900
3,Brazilian Grand Prix,1982,2,1982-03-21,Nigel,Mansell,mansell,14,Team Lotus,+36.859
3,United States Grand Prix West,1982,3,1982-04-04,Riccardo,Patrese,patrese,18,Brabham,+1:19.143
3,San Marino Grand Prix,1982,4,1982-04-25,Michele,Alboreto,alboreto,5,Tyrrell,+1:07.684
3,Belgian Grand Prix,1982,5,1982-05-09,Eddie,Cheever,cheever,14,Ligier,0
3,Monaco Grand Prix,1982,6,1982-05-23,Andrea,de Cesaris,cesaris,7,Alfa Romeo,0
3,Detroit Grand Prix,1982,7,1982-06-06,Didier,Pironi,pironi,4,Ferrari,+28.077
3,Canadian Grand Prix,1982,8,1982-06-13,John,Watson,watson,6,McLaren,+1:01.836
3,Dutch Grand Prix,1982,9,1982-07-03,Keke,Rosberg,keke_rosberg,7,Williams,+22.365
3,British Grand Prix,1982,10,1982-07-18,Patrick,Tambay,tambay,13,Ferrari,+38.436
3,French Grand Prix,1982,11,1982-07-25,Didier,Pironi,pironi,3,Ferrari,+42.128
3,German Grand Prix,1982,12,1982-08-08,Keke,Rosberg,keke_rosberg,9,Williams,0
3,Austrian Grand Prix,1982,13,1982-08-15,Jacques,Laffite,laffite,14,Ligier,0
3,Swiss Grand Prix,1982,14,1982-08-29,Niki,Lauda,lauda,4,McLaren,+1:00.343
3,Italian Grand Prix,1982,15,1982-09-12,Mario,Andretti,mario_andretti,1,Ferrari,+48.452
3,Caesars Palace Grand Prix,1982,16,1982-09-25,Eddie,Cheever,cheever,4,Ligier,+56.450
3,Brazilian Grand Prix,1983,1,1983-03-13,Niki,Lauda,lauda,9,McLaren,+51.883
3,United States Grand Prix West,1983,2,1983-03-27,René,Arnoux,arnoux,2,Ferrari,+1:13.638
3,French Grand Prix,1983,3,1983-04-17,Eddie,Cheever,cheever,2,Renault,+40.232
3,San Marino Grand Prix,1983,4,1983-05-01,René,Arnoux,arnoux,1,Ferrari,0
3,Monaco Grand Prix,1983,5,1983-05-15,Alain,Prost,prost,1,Renault,+31.366
3,Belgian Grand Prix,1983,6,1983-05-22,Eddie,Cheever,cheever,8,Renault,+39.869
3,Detroit Grand Prix,1983,7,1983-06-05,John,Watson,watson,21,McLaren,+9.283
3,Canadian Grand Prix,1983,8,1983-06-12,Patrick,Tambay,tambay,4,Ferrari,+52.610
3,British Grand Prix,1983,9,1983-07-16,Patrick,Tambay,tambay,2,Ferrari,+26.246
3,German Grand Prix,1983,10,1983-08-07,Riccardo,Patrese,patrese,8,Brabham,+1:44.093
3,Austrian Grand Prix,1983,11,1983-08-14,Nelson,Piquet,piquet,4,Brabham,+27.659
3,Dutch Grand Prix,1983,12,1983-08-28,John,Watson,watson,15,McLaren,+43.741
3,Italian Grand Prix,1983,13,1983-09-11,Eddie,Cheever,cheever,7,Renault,+18.612
3,European Grand Prix,1983,14,1983-09-25,Nigel,Mansell,mansell,3,Team Lotus,+30.315
3,South African Grand Prix,1983,15,1983-10-15,Nelson,Piquet,piquet,2,Brabham,+21.969
3,Brazilian Grand Prix,1984,1,1984-03-25,Elio,de Angelis,angelis,1,Team Lotus,+59.128
3,South African Grand Prix,1984,2,1984-04-07,Derek,Warwick,warwick,9,Renault,0
3,Belgian Grand Prix,1984,3,1984-04-29,René,Arnoux,arnoux,2,Ferrari,+1:09.803
3,San Marino Grand Prix,1984,4,1984-05-06,Elio,de Angelis,angelis,11,Team Lotus,0
3,French Grand Prix,1984,5,1984-05-20,Nigel,Mansell,mansell,6,Team Lotus,+23.969
3,Monaco Grand Prix,1984,6,1984-06-03,René,Arnoux,arnoux,3,Ferrari,+29.077
3,Canadian Grand Prix,1984,7,1984-06-17,Alain,Prost,prost,2,McLaren,+1:28.032
3,Detroit Grand Prix,1984,8,1984-06-24,Teo,Fabi,fabi,23,Brabham,+1:26.528
3,Dallas Grand Prix,1984,9,1984-07-08,Elio,de Angelis,angelis,2,Team Lotus,0
3,British Grand Prix,1984,10,1984-07-22,Ayrton,Senna,senna,7,Toleman,+1:03.328
3,German Grand Prix,1984,11,1984-08-05,Derek,Warwick,warwick,3,Renault,+36.423
3,Austrian Grand Prix,1984,12,1984-08-19,Michele,Alboreto,alboreto,12,Ferrari,+48.998
3,Dutch Grand Prix,1984,13,1984-08-26,Nigel,Mansell,mansell,12,Team Lotus,+1:19.544
3,Italian Grand Prix,1984,14,1984-09-09,Riccardo,Patrese,patrese,9,Alfa Romeo,0
3,European Grand Prix,1984,15,1984-10-07,Nelson,Piquet,piquet,1,Brabham,+24.922
3,Portuguese Grand Prix,1984,16,1984-10-21,Ayrton,Senna,senna,3,Toleman,+20.042
3,Brazilian Grand Prix,1985,1,1985-04-07,Elio,de Angelis,angelis,3,Team Lotus,0
3,Portuguese Grand Prix,1985,2,1985-04-21,Patrick,Tambay,tambay,12,Renault,0
3,San Marino Grand Prix,1985,3,1985-05-05,Patrick,Tambay,tambay,11,Renault,0
3,Monaco Grand Prix,1985,4,1985-05-19,Elio,de Angelis,angelis,9,Team Lotus,+1:27.171
3,Canadian Grand Prix,1985,5,1985-06-16,Alain,Prost,prost,5,McLaren,+4.341
3,Detroit Grand Prix,1985,6,1985-06-23,Michele,Alboreto,alboreto,3,Ferrari,+1:03.170
3,French Grand Prix,1985,7,1985-07-07,Alain,Prost,prost,4,McLaren,+9.285
3,British Grand Prix,1985,8,1985-07-21,Jacques,Laffite,laffite,16,Ligier,0
3,German Grand Prix,1985,9,1985-08-04,Jacques,Laffite,laffite,13,Ligier,+51.154
3,Austrian Grand Prix,1985,10,1985-08-18,Michele,Alboreto,alboreto,9,Ferrari,+34.356
3,Dutch Grand Prix,1985,11,1985-08-25,Ayrton,Senna,senna,4,Team Lotus,+48.491
3,Italian Grand Prix,1985,12,1985-09-08,Ayrton,Senna,senna,1,Team Lotus,+1:00.390
3,Belgian Grand Prix,1985,13,1985-09-15,Alain,Prost,prost,1,McLaren,+55.109
3,European Grand Prix,1985,14,1985-10-06,Keke,Rosberg,keke_rosberg,4,Williams,+58.533
3,South African Grand Prix,1985,15,1985-10-19,Alain,Prost,prost,9,McLaren,0
3,Australian Grand Prix,1985,16,1985-11-03,Philippe,Streiff,streiff,18,Ligier,+1:28.536
3,Brazilian Grand Prix,1986,1,1986-03-23,Jacques,Laffite,laffite,5,Ligier,+59.759
3,Spanish Grand Prix,1986,2,1986-04-13,Alain,Prost,prost,4,McLaren,+21.552
3,San Marino Grand Prix,1986,3,1986-04-27,Gerhard,Berger,berger,9,Benetton,0
3,Monaco Grand Prix,1986,4,1986-05-11,Ayrton,Senna,senna,3,Team Lotus,+53.646
3,Belgian Grand Prix,1986,5,1986-05-25,Stefan,Johansson,johansson,11,Ferrari,+23.592
3,Canadian Grand Prix,1986,6,1986-06-15,Nelson,Piquet,piquet,3,Williams,+36.262
3,Detroit Grand Prix,1986,7,1986-06-22,Alain,Prost,prost,7,McLaren,+31.824
3,French Grand Prix,1986,8,1986-07-06,Nelson,Piquet,piquet,3,Williams,+37.545
3,British Grand Prix,1986,9,1986-07-13,Alain,Prost,prost,6,McLaren,0
3,German Grand Prix,1986,10,1986-07-27,Nigel,Mansell,mansell,6,Williams,+44.580
3,Hungarian Grand Prix,1986,11,1986-08-10,Nigel,Mansell,mansell,4,Williams,0
3,Austrian Grand Prix,1986,12,1986-08-17,Stefan,Johansson,johansson,14,Ferrari,0
3,Italian Grand Prix,1986,13,1986-09-07,Stefan,Johansson,johansson,12,Ferrari,+22.915
3,Portuguese Grand Prix,1986,14,1986-09-21,Nelson,Piquet,piquet,6,Williams,+49.274
3,Mexican Grand Prix,1986,15,1986-10-12,Ayrton,Senna,senna,1,Team Lotus,+52.513
3,Australian Grand Prix,1986,16,1986-10-26,Stefan,Johansson,johansson,12,Ferrari,0
3,Brazilian Grand Prix,1987,1,1987-04-12,Stefan,Johansson,johansson,10,McLaren,+56.758
3,San Marino Grand Prix,1987,2,1987-05-03,Michele,Alboreto,alboreto,6,Ferrari,+39.144
3,Belgian Grand Prix,1987,3,1987-05-17,Andrea,de Cesaris,cesaris,13,Brabham,0
3,Monaco Grand Prix,1987,4,1987-05-31,Michele,Alboreto,alboreto,5,Ferrari,+1:12.839
3,Detroit Grand Prix,1987,5,1987-06-21,Alain,Prost,prost,5,McLaren,+45.327
3,French Grand Prix,1987,6,1987-07-05,Alain,Prost,prost,2,McLaren,+55.255
3,British Grand Prix,1987,7,1987-07-12,Ayrton,Senna,senna,3,Team Lotus,0
3,German Grand Prix,1987,8,1987-07-26,Ayrton,Senna,senna,2,Team Lotus,0
3,Hungarian Grand Prix,1987,9,1987-08-09,Alain,Prost,prost,4,McLaren,+1:27.456
3,Austrian Grand Prix,1987,10,1987-08-16,Teo,Fabi,fabi,5,Benetton,0
3,Italian Grand Prix,1987,11,1987-09-06,Nigel,Mansell,mansell,2,Williams,+49.036
3,Portuguese Grand Prix,1987,12,1987-09-20,Nelson,Piquet,piquet,4,Williams,+1:03.295
3,Spanish Grand Prix,1987,13,1987-09-27,Stefan,Johansson,johansson,11,McLaren,+30.818
3,Mexican Grand Prix,1987,14,1987-10-18,Riccardo,Patrese,patrese,8,Brabham,+1:26.879
3,Japanese Grand Prix,1987,15,1987-11-01,Stefan,Johansson,johansson,9,McLaren,+17.694
3,Australian Grand Prix,1987,16,1987-11-15,Thierry,Boutsen,boutsen,5,Benetton,0
3,Brazilian Grand Prix,1988,1,1988-04-03,Nelson,Piquet,piquet,5,Team Lotus,+1:08.591
3,San Marino Grand Prix,1988,2,1988-05-01,Nelson,Piquet,piquet,3,Team Lotus,0
3,Monaco Grand Prix,1988,3,1988-05-15,Michele,Alboreto,alboreto,4,Ferrari,+41.229
3,Mexican Grand Prix,1988,4,1988-05-29,Gerhard,Berger,berger,3,Ferrari,+57.314
3,Canadian Grand Prix,1988,5,1988-06-12,Thierry,Boutsen,boutsen,7,Benetton,+51.409
3,Detroit Grand Prix,1988,6,1988-06-19,Thierry,Boutsen,boutsen,5,Benetton,0
3,French Grand Prix,1988,7,1988-07-03,Michele,Alboreto,alboreto,4,Ferrari,+1:06.505
3,British Grand Prix,1988,8,1988-07-10,Alessandro,Nannini,nannini,8,Benetton,+51.214
3,German Grand Prix,1988,9,1988-07-24,Gerhard,Berger,berger,3,Ferrari,+52.095
3,Hungarian Grand Prix,1988,10,1988-08-07,Thierry,Boutsen,boutsen,3,Benetton,+31.410
3,Belgian Grand Prix,1988,11,1988-08-28,Ivan,Capelli,capelli,14,March,+1:15.768
3,Italian Grand Prix,1988,12,1988-09-11,Eddie,Cheever,cheever,5,Arrows,+35.532
3,Portuguese Grand Prix,1988,13,1988-09-25,Thierry,Boutsen,boutsen,13,Benetton,+44.619
3,Spanish Grand Prix,1988,14,1988-10-02,Alessandro,Nannini,nannini,5,Benetton,+35.446
3,Japanese Grand Prix,1988,15,1988-10-30,Thierry,Boutsen,boutsen,10,Benetton,+36.109
3,Australian Grand Prix,1988,16,1988-11-13,Nelson,Piquet,piquet,5,Team Lotus,+47.546
